legacy_residencial_id,facility_key,facility_id,mapping_status,match_method,confidence,official_entity_ids,department
APP-27F98B4E7FBC75C2,FAC-LEGACY-APP-27F98B4E7FBC75C2-098895EE4D904152,2,mapped,exact_id,1,,Paysandú
APP-2B8781DE5F4D8738,FAC-LEGACY-APP-2B8781DE5F4D8738-DE3AA5A0811AB0EB,3,mapped,exact_id,1,,Paysandú
APP-2DF21A762FE0740B,FAC-LEGACY-APP-2DF21A762FE0740B-B9925C90285AB83E,4,mapped,exact_id,1,,Paysandú
APP-350C40E0419BA5D3,FAC-LEGACY-APP-350C40E0419BA5D3-DBB42A936E697334,5,mapped,exact_id,1,,Paysandú
APP-5386BE09FF7ED145,FAC-LEGACY-APP-5386BE09FF7ED145-4347F4B535496917,6,mapped,exact_id,1,,Paysandú
APP-5A22BDE581A8235B,FAC-LEGACY-APP-5A22BDE581A8235B-9E0C8603FC72D5F8,7,mapped,exact_id,1,,Paysandú
APP-755D2C42255E269B,FAC-LEGACY-APP-755D2C42255E269B-4D5AA177384C6188,8,mapped,exact_id,1,,Paysandú
APP-9E75974987FA36F5,FAC-LEGACY-APP-9E75974987FA36F5-3C13DDB9FC853282,9,mapped,exact_id,1,,Paysandú
APP-ABCB9C20442B835B,FAC-LEGACY-APP-ABCB9C20442B835B-5AA517C0C88C61F0,10,mapped,exact_id,1,,Paysandú
APP-AE19CF518004596D,FAC-LEGACY-APP-AE19CF518004596D-1BDB9D014E61092B,11,mapped,exact_id,1,,Paysandú
APP-BCEB498E8579A643,FAC-LEGACY-APP-BCEB498E8579A643-106918E6443F147B,12,mapped,exact_id,1,,Paysandú
APP-D31816B583A7C961,FAC-LEGACY-APP-D31816B583A7C961-94B3BA646505A201,13,mapped,exact_id,1,,Paysandú
APP-D927562CCCD65A6F,FAC-LEGACY-APP-D927562CCCD65A6F-399B1DDA3CD06F9C,14,mapped,exact_id,1,,Paysandú
APP-E7CE7EAF288AAF5F,FAC-LEGACY-APP-E7CE7EAF288AAF5F-DFCF295D2A5A254E,15,mapped,exact_id,1,,Paysandú
APP-EEA7F13CD1313782,FAC-LEGACY-APP-EEA7F13CD1313782-1DC1FA3FE37BCBFF,16,mapped,exact_id,1,,Paysandú
APP-F50F63C7F0151126,FAC-LEGACY-APP-F50F63C7F0151126-D0FE3B6273528ED6,17,mapped,exact_id,1,,Paysandú
APP-FF7E9EE3A025744E,FAC-LEGACY-APP-FF7E9EE3A025744E-CFB30C99582DB984,18,mapped,exact_id,1,,Paysandú
ELP-0001,FAC-LEGACY-ELP-0001-F6ABEFE5A9A8D44E,19,mapped,exact_id,1,ELP-0001,Artigas
ELP-0002,FAC-LEGACY-ELP-0002-83BDCCE3E921B857,20,mapped,exact_id,1,ELP-0002,Artigas
ELP-0003,FAC-LEGACY-ELP-0003-5438DDD8DB3C4B14,21,mapped,exact_id,1,ELP-0003,Canelones
ELP-0004,FAC-LEGACY-ELP-0004-EEC62519E36ECC62,22,mapped,exact_id,1,ELP-0004,Canelones
ELP-0005,FAC-LEGACY-ELP-0005-83AF34105B0A7FBD,23,mapped,exact_id,1,ELP-0005,Canelones
ELP-0006,FAC-LEGACY-ELP-0006-6E3F1CFA89335BAF,24,mapped,exact_id,1,ELP-0006,Canelones
ELP-0007,FAC-LEGACY-ELP-0007-0F0B0EE287155CBB,25,mapped,exact_id,1,ELP-0007,Canelones
ELP-0008,FAC-LEGACY-ELP-0008-9602786A674FE8FA,26,mapped,exact_id,1,ELP-0008,Canelones
ELP-0009,FAC-LEGACY-ELP-0009-166B9B54E03ED552,27,mapped,exact_id,1,ELP-0009,Canelones
ELP-0010,FAC-LEGACY-ELP-0010-5DDDBBACB37040F9,28,mapped,exact_id,1,ELP-0010,Canelones
ELP-0011,FAC-LEGACY-ELP-0011-6028818C56BC9219,29,mapped,exact_id,1,ELP-0011,Canelones
ELP-0012,FAC-LEGACY-ELP-0012-2B56D298C2316A63,30,mapped,exact_id,1,ELP-0012,Canelones
ELP-0013,FAC-LEGACY-ELP-0013-F1F2959AF364BC6E,31,mapped,exact_id,1,ELP-0013,Canelones
ELP-0014,FAC-LEGACY-ELP-0014-FCC4CB2004959928,32,mapped,exact_id,1,ELP-0014,Canelones
ELP-0015,FAC-LEGACY-ELP-0015-41ED01B6D4DF92CA,33,mapped,exact_id,1,ELP-0015,Canelones
ELP-0016,FAC-LEGACY-ELP-0016-68CDC0BDDE9D0387,34,mapped,exact_id,1,ELP-0016,Canelones
ELP-0019,FAC-LEGACY-ELP-0019-E46AE17AFFE94467,35,mapped,exact_id,1,ELP-0018|ELP-0019,Canelones
ELP-0020,FAC-LEGACY-ELP-0020-80BCF604D11FEDF4,36,mapped,exact_id,1,ELP-0020,Canelones
ELP-0021,FAC-LEGACY-ELP-0021-EF916F2CAE37CB6A,37,mapped,exact_id,1,ELP-0021,Canelones
ELP-0024,FAC-LEGACY-ELP-0024-38EB901A3CF2C124,38,mapped,exact_id,1,ELP-0024,Canelones
ELP-0025,FAC-LEGACY-ELP-0025-592730C516D57E24,39,mapped,exact_id,1,ELP-0025,Canelones
ELP-0026,FAC-LEGACY-ELP-0026-8F51A84180D3CF80,40,mapped,exact_id,1,ELP-0026,Canelones
ELP-0027,FAC-LEGACY-ELP-0027-9B25D8427C84C022,41,mapped,exact_id,1,ELP-0027,Canelones
ELP-0028,FAC-LEGACY-ELP-0028-348FD93CBE1D2C61,42,mapped,exact_id,1,ELP-0028,Canelones
ELP-0029,FAC-LEGACY-ELP-0029-E2EEF787A24FD67A,43,mapped,exact_id,1,ELP-0029,Canelones
ELP-0030,FAC-LEGACY-ELP-0030-A980DAC78CAD2AC0,44,mapped,exact_id,1,ELP-0030,Canelones
ELP-0031,FAC-LEGACY-ELP-0031-ED0F0B9FFDDC8075,45,mapped,exact_id,1,ELP-0031,Canelones
ELP-0032,FAC-LEGACY-ELP-0032-6739A3CA551578D4,46,mapped,exact_id,1,ELP-0032,Canelones
ELP-0033,FAC-LEGACY-ELP-0033-37E55E3B86BDED85,47,mapped,exact_id,1,ELP-0033,Canelones
ELP-0034,FAC-LEGACY-ELP-0034-2C131A7206EBDB7D,48,mapped,exact_id,1,ELP-0034,Canelones
ELP-0036,FAC-LEGACY-ELP-0036-804A5D43730D5EE0,49,mapped,exact_id,1,ELP-0036|ELP-0037,Canelones
ELP-0038,FAC-LEGACY-ELP-0038-CD01F108CA02F2EC,50,mapped,exact_id,1,ELP-0038,Canelones
ELP-0039,FAC-LEGACY-ELP-0039-E46F458A1FA5EE79,51,mapped,exact_id,1,ELP-0039,Canelones
ELP-0040,FAC-LEGACY-ELP-0040-EF52A5740A8B7D53,52,mapped,exact_id,1,ELP-0040,Canelones
ELP-0041,FAC-LEGACY-ELP-0041-000D6554FD4258D3,53,mapped,exact_id,1,ELP-0041,Canelones
ELP-0042,FAC-LEGACY-ELP-0042-DF71EAC0626E40F7,54,mapped,exact_id,1,ELP-0042|ELP-0043,Canelones
ELP-0045,FAC-LEGACY-ELP-0045-E127E8EEBDBB3250,55,mapped,exact_id,1,ELP-0045,Canelones
ELP-0046,FAC-LEGACY-ELP-0046-CA86CB19F6FD69E8,56,mapped,exact_id,1,ELP-0046,Canelones
ELP-0047,FAC-LEGACY-ELP-0047-C5A21E35C1EFBEED,57,mapped,exact_id,1,ELP-0047,Canelones
ELP-0048,FAC-LEGACY-ELP-0048-2D20813D86F4F23D,58,mapped,exact_id,1,ELP-0048,Canelones
ELP-0049,FAC-LEGACY-ELP-0049-69E6FC51CD807CAE,59,mapped,exact_id,1,ELP-0049,Canelones
ELP-0050,FAC-LEGACY-ELP-0050-C5982492DEEC827C,60,mapped,exact_id,1,ELP-0050,Canelones
ELP-0051,FAC-LEGACY-ELP-0051-4610FB1E2D8F1473,61,mapped,exact_id,1,ELP-0051,Canelones
ELP-0053,FAC-LEGACY-ELP-0053-18C7E07265E470E1,62,mapped,exact_id,1,ELP-0053,Canelones
ELP-0054,FAC-LEGACY-ELP-0054-236FC8BD762F8822,63,mapped,exact_id,1,ELP-0054,Canelones
ELP-0055,FAC-LEGACY-ELP-0055-35E9A3FBB6509030,64,mapped,exact_id,1,ELP-0055,Canelones
ELP-0056,FAC-LEGACY-ELP-0056-F35989C075D724E7,65,mapped,exact_id,1,ELP-0056|ELP-0057,Canelones
ELP-0058,FAC-LEGACY-ELP-0058-04FCAE3D89A54217,66,mapped,exact_id,1,ELP-0058,Canelones
ELP-0059,FAC-LEGACY-ELP-0059-AD3543D4D2CD9395,67,mapped,exact_id,1,ELP-0059,Canelones
ELP-0060,FAC-LEGACY-ELP-0060-E5ECCF9A47D4EF81,68,mapped,exact_id,1,ELP-0060,Canelones
ELP-0061,FAC-LEGACY-ELP-0061-832704BFDD4B4794,69,mapped,exact_id,1,ELP-0061,Canelones
ELP-0062,FAC-LEGACY-ELP-0062-06DC857CD9C15044,70,mapped,exact_id,1,ELP-0062,Canelones
ELP-0063,FAC-LEGACY-ELP-0063-9F05930A7FA976C4,71,mapped,exact_id,1,ELP-0063,Canelones
ELP-0064,FAC-LEGACY-ELP-0064-1BEC0DD0F246B044,72,mapped,exact_id,1,ELP-0064,Canelones
ELP-0065,FAC-LEGACY-ELP-0065-5BCFE471BF09053C,73,mapped,exact_id,1,ELP-0065,Canelones
ELP-0066,FAC-LEGACY-ELP-0066-0571A6D622ACA084,74,mapped,exact_id,1,ELP-0066,Canelones
ELP-0068,FAC-LEGACY-ELP-0068-1A770D97D4059AEA,75,mapped,exact_id,1,ELP-0068,Canelones
ELP-0069,FAC-LEGACY-ELP-0069-F9333523C753C566,76,mapped,exact_id,1,ELP-0069,Canelones
ELP-0070,FAC-LEGACY-ELP-0070-386F31ED04B70FF0,77,mapped,exact_id,1,ELP-0070,Canelones
ELP-0071,FAC-LEGACY-ELP-0071-34450F5EC982C3C1,78,mapped,exact_id,1,ELP-0071,Canelones
ELP-0072,FAC-LEGACY-ELP-0072-36CD754A5EC67680,79,mapped,exact_id,1,ELP-0072,Canelones
ELP-0073,FAC-LEGACY-ELP-0073-FCA2E4DB4C105B4C,80,mapped,exact_id,1,ELP-0073,Canelones
ELP-0074,FAC-LEGACY-ELP-0074-9ABE55D723D4CB2E,81,mapped,exact_id,1,ELP-0074,Canelones
ELP-0075,FAC-LEGACY-ELP-0075-D24E0B7334363D22,82,mapped,exact_id,1,ELP-0075,Canelones
ELP-0076,FAC-LEGACY-ELP-0076-3EB23407EF8DCC79,83,mapped,exact_id,1,ELP-0076,Canelones
ELP-0077,FAC-LEGACY-ELP-0077-97ED84EC84AA7ED5,84,mapped,exact_id,1,ELP-0077,Canelones
ELP-0078,FAC-LEGACY-ELP-0078-FDF35F91FD850AFD,85,mapped,exact_id,1,ELP-0078,Canelones
ELP-0079,FAC-LEGACY-ELP-0079-C37C4FB92BE9BE58,86,mapped,exact_id,1,ELP-0079,Canelones
ELP-0080,FAC-LEGACY-ELP-0080-053C6EFDF115C782,87,mapped,exact_id,1,ELP-0080,Canelones
ELP-0081,FAC-LEGACY-ELP-0081-A6FEBBAA5B82A032,88,mapped,exact_id,1,ELP-0081,Canelones
ELP-0082,FAC-LEGACY-ELP-0082-E1FF8E3E82044750,89,mapped,exact_id,1,ELP-0082,Canelones
ELP-0083,FAC-LEGACY-ELP-0083-E08F6830376576C0,90,mapped,exact_id,1,ELP-0083,Canelones
ELP-0084,FAC-LEGACY-ELP-0084-A8FD3CB4EF514F8E,91,mapped,exact_id,1,ELP-0084,Canelones
ELP-0086,FAC-LEGACY-ELP-0086-0211EE004313F86B,92,mapped,exact_id,1,ELP-0086,Canelones
ELP-0087,FAC-LEGACY-ELP-0087-B01460CB368D2247,93,mapped,exact_id,1,ELP-0087,Canelones
ELP-0088,FAC-LEGACY-ELP-0088-B7FCAAEF19E8FF32,94,mapped,exact_id,1,ELP-0088,Canelones
ELP-0089,FAC-LEGACY-ELP-0089-B035726733B56B8B,95,mapped,exact_id,1,ELP-0089,Canelones
ELP-0090,FAC-LEGACY-ELP-0090-F7F06503E5098D4A,96,mapped,exact_id,1,ELP-0090,Canelones
ELP-0091,FAC-LEGACY-ELP-0091-83847C93A376C0F4,97,mapped,exact_id,1,ELP-0091,Canelones
ELP-0092,FAC-LEGACY-ELP-0092-659F60900D60E0E8,98,mapped,exact_id,1,ELP-0092,Canelones
ELP-0094,FAC-LEGACY-ELP-0094-4A330A3829F82596,99,mapped,exact_id,1,ELP-0094,Canelones
ELP-0096,FAC-LEGACY-ELP-0096-C9BAF4690DC19E1B,100,mapped,exact_id,1,ELP-0096,Canelones
ELP-0097,FAC-LEGACY-ELP-0097-EB91C9983B560C55,101,mapped,exact_id,1,ELP-0097,Canelones
ELP-0098,FAC-LEGACY-ELP-0098-71FC94A4E07DF9F9,102,mapped,exact_id,1,ELP-0098,Cerro Largo
ELP-0099,FAC-LEGACY-ELP-0099-8A954FA637CB42E3,103,mapped,exact_id,1,ELP-0099,Cerro Largo
ELP-0101,FAC-LEGACY-ELP-0101-6667E82497E2B43A,104,mapped,exact_id,1,ELP-0101,Cerro Largo
ELP-0102,FAC-LEGACY-ELP-0102-505DA54CA5D42AE7,105,mapped,exact_id,1,ELP-0102,Cerro Largo
ELP-0105,FAC-LEGACY-ELP-0105-6E19556541A46F86,106,mapped,exact_id,1,ELP-0105,Colonia
ELP-0107,FAC-LEGACY-ELP-0107-960314EEC9498811,107,mapped,exact_id,1,ELP-0107,Colonia
ELP-0108,FAC-LEGACY-ELP-0108-6F0DFDEE8432E5AC,108,mapped,exact_id,1,ELP-0108,Colonia
ELP-0109,FAC-LEGACY-ELP-0109-217223758EB2C1A6,109,mapped,exact_id,1,ELP-0109,Colonia
ELP-0110,FAC-LEGACY-ELP-0110-A51F9CCFFF8355B5,110,mapped,exact_id,1,ELP-0110,Colonia
ELP-0111,FAC-LEGACY-ELP-0111-89571BB42ED530B3,111,mapped,exact_id,1,ELP-0111,Colonia
ELP-0112,FAC-LEGACY-ELP-0112-532F86D862C9BA62,112,mapped,exact_id,1,ELP-0112,Colonia
ELP-0113,FAC-LEGACY-ELP-0113-18EC9DD2C8914DEF,113,mapped,exact_id,1,ELP-0113,Colonia
ELP-0120,FAC-LEGACY-ELP-0120-A64870EFC7711DC2,114,mapped,exact_id,1,ELP-0120,Colonia
ELP-0123,FAC-LEGACY-ELP-0123-7F6E12B8045067A6,115,mapped,exact_id,1,ELP-0123,Colonia
ELP-0125,FAC-LEGACY-ELP-0125-D9D86460148752FA,116,mapped,exact_id,1,ELP-0125,Colonia
ELP-0126,FAC-LEGACY-ELP-0126-902CC21B93773EC3,117,mapped,exact_id,1,ELP-0126,Colonia
ELP-0127,FAC-LEGACY-ELP-0127-34D43B80D87EAE8F,118,mapped,exact_id,1,ELP-0127,Colonia
ELP-0131,FAC-LEGACY-ELP-0131-E6DB53F213086019,119,mapped,exact_id,1,ELP-0131,Colonia
ELP-0132,FAC-LEGACY-ELP-0132-A8BA058557CFDCE7,120,mapped,exact_id,1,ELP-0132,Colonia
ELP-0133,FAC-LEGACY-ELP-0133-2E6C239DA3EEBCFC,121,mapped,exact_id,1,ELP-0133,Colonia
ELP-0134,FAC-LEGACY-ELP-0134-55E0D8C40CBA9D48,122,mapped,exact_id,1,ELP-0134,Colonia
ELP-0135,FAC-LEGACY-ELP-0135-7CECD751BA8A7CAF,123,mapped,exact_id,1,ELP-0135|ELP-0136,Colonia
ELP-0137,FAC-LEGACY-ELP-0137-94D905872DEF525A,124,mapped,exact_id,1,ELP-0137,Colonia
ELP-0138,FAC-LEGACY-ELP-0138-D525586A24CDC068,125,mapped,exact_id,1,ELP-0138,Colonia
ELP-0139,FAC-LEGACY-ELP-0139-1F9CBEF60AE29C74,126,mapped,exact_id,1,ELP-0139,Colonia
ELP-0140,FAC-LEGACY-ELP-0140-9F2678684042F0C7,127,mapped,exact_id,1,ELP-0140,Colonia
ELP-0141,FAC-LEGACY-ELP-0141-A64E0B630A8ED1C6,128,mapped,exact_id,1,ELP-0141,Colonia
ELP-0142,FAC-LEGACY-ELP-0142-967C18C7FE49F75A,129,mapped,exact_id,1,ELP-0142,Colonia
ELP-0143,FAC-LEGACY-ELP-0143-FBE9962E305BDAB6,130,mapped,exact_id,1,ELP-0143,Colonia
ELP-0144,FAC-LEGACY-ELP-0144-52DAE88F6FE89D9F,131,mapped,exact_id,1,ELP-0144,Colonia
ELP-0145,FAC-LEGACY-ELP-0145-9D10D954419833C2,132,mapped,exact_id,1,ELP-0145,Colonia
ELP-0147,FAC-LEGACY-ELP-0147-F333F1A420B5DA36,133,mapped,exact_id,1,ELP-0146|ELP-0147,Colonia
ELP-0148,FAC-LEGACY-ELP-0148-DB040FC5513414E5,134,mapped,exact_id,1,ELP-0148,Durazno
ELP-0149,FAC-LEGACY-ELP-0149-F48007AB383B0FB7,135,mapped,exact_id,1,ELP-0149,Durazno
ELP-0150,FAC-LEGACY-ELP-0150-674195E11666BB51,136,mapped,exact_id,1,ELP-0150,Durazno
ELP-0151,FAC-LEGACY-ELP-0151-2D53E577FD0845F1,137,mapped,exact_id,1,ELP-0151,Durazno
ELP-0152,FAC-LEGACY-ELP-0152-B55EC42FB9C367DB,138,mapped,exact_id,1,ELP-0152,Durazno
ELP-0153,FAC-LEGACY-ELP-0153-5F4494B89250C44F,139,mapped,exact_id,1,ELP-0153,Durazno
ELP-0154,FAC-LEGACY-ELP-0154-2B3B329DC60710F8,140,mapped,exact_id,1,ELP-0154,Durazno
ELP-0155,FAC-LEGACY-ELP-0155-66CB1CB3732185E9,141,mapped,exact_id,1,ELP-0155,Durazno
ELP-0156,FAC-LEGACY-ELP-0156-88CF1F741B1A3C9D,142,mapped,exact_id,1,ELP-0156,Durazno
ELP-0157,FAC-LEGACY-ELP-0157-9139FC40FCFDC1E7,143,mapped,exact_id,1,ELP-0157,Durazno
ELP-0158,FAC-LEGACY-ELP-0158-2F173FBAF05A8ADD,144,mapped,exact_id,1,ELP-0158,Durazno
ELP-0159,FAC-LEGACY-ELP-0159-55ADE1100165F3EE,145,mapped,exact_id,1,ELP-0159,Durazno
ELP-0160,FAC-LEGACY-ELP-0160-3E7A983DADCC3C44,146,mapped,exact_id,1,ELP-0160,Durazno
ELP-0161,FAC-LEGACY-ELP-0161-BB9AB8D47A535FA4,147,mapped,exact_id,1,ELP-0161,Durazno
ELP-0162,FAC-LEGACY-ELP-0162-F28EE5A8F7BF8D9B,148,mapped,exact_id,1,ELP-0162,Durazno
ELP-0163,FAC-LEGACY-ELP-0163-D86BAE0F14D72BF5,149,mapped,exact_id,1,ELP-0163,Durazno
ELP-0164,FAC-LEGACY-ELP-0164-2C7E68F5E01E2A48,150,mapped,exact_id,1,ELP-0164,Durazno
ELP-0166,FAC-LEGACY-ELP-0166-FB1C5D651C5A784E,151,mapped,exact_id,1,ELP-0166,Durazno
ELP-0168,FAC-LEGACY-ELP-0168-C2D62B76C07B17CF,152,mapped,exact_id,1,ELP-0168,Flores
ELP-0170,FAC-LEGACY-ELP-0170-FDDE5963019D4BC6,153,mapped,exact_id,1,ELP-0170,Flores
ELP-0171,FAC-LEGACY-ELP-0171-EE938FA1051A3711,154,mapped,exact_id,1,ELP-0171,Flores
ELP-0172,FAC-LEGACY-ELP-0172-99AB46B60189145E,155,mapped,exact_id,1,ELP-0172,Flores
ELP-0173,FAC-LEGACY-ELP-0173-3B92C21424970CA6,156,mapped,exact_id,1,ELP-0173,Flores
ELP-0174,FAC-LEGACY-ELP-0174-B8AF581FD0F63004,157,mapped,exact_id,1,ELP-0174,Flores
ELP-0175,FAC-LEGACY-ELP-0175-275CE0FFF27638DA,158,mapped,exact_id,1,ELP-0175,Florida
ELP-0176,FAC-LEGACY-ELP-0176-712BD7FC6D2B57BD,159,mapped,exact_id,1,ELP-0176,Florida
ELP-0177,FAC-LEGACY-ELP-0177-1C087E47EEEC2B70,160,mapped,exact_id,1,ELP-0177,Florida
ELP-0178,FAC-LEGACY-ELP-0178-7F06F7DBDC234C17,161,mapped,exact_id,1,ELP-0178,Florida
ELP-0179,FAC-LEGACY-ELP-0179-8BB96C776F37D1BA,162,mapped,exact_id,1,ELP-0179,Florida
ELP-0182,FAC-LEGACY-ELP-0182-72A05D6CDBE107FB,163,mapped,exact_id,1,ELP-0182,Florida
ELP-0183,FAC-LEGACY-ELP-0183-875B147ED2AC5548,164,mapped,exact_id,1,ELP-0183,Florida
ELP-0184,FAC-LEGACY-ELP-0184-86E69DBF4A85AA6D,165,mapped,exact_id,1,ELP-0184,Florida
ELP-0186,FAC-LEGACY-ELP-0186-330C8BF29F107603,166,mapped,exact_id,1,ELP-0186,Florida
ELP-0187,FAC-LEGACY-ELP-0187-D6473F4F499D1F28,167,mapped,exact_id,1,ELP-0187,Florida
ELP-0188,FAC-LEGACY-ELP-0188-CFDB1F706FC3FA43,168,mapped,exact_id,1,ELP-0188,Florida
ELP-0189,FAC-LEGACY-ELP-0189-AA1C8BA81DD9DAFB,169,mapped,exact_id,1,ELP-0189,Florida
ELP-0190,FAC-LEGACY-ELP-0190-E372204746791352,170,mapped,exact_id,1,ELP-0190,Florida
ELP-0191,FAC-LEGACY-ELP-0191-41333CF33C981F7A,171,mapped,exact_id,1,ELP-0191,Florida
ELP-0192,FAC-LEGACY-ELP-0192-1562D0044CE806A3,172,mapped,exact_id,1,ELP-0192,Florida
ELP-0193,FAC-LEGACY-ELP-0193-3A2F36A5F3FFC19F,173,mapped,exact_id,1,ELP-0193,Florida
ELP-0194,FAC-LEGACY-ELP-0194-3C591CFA46F8F982,174,mapped,exact_id,1,ELP-0194,Florida
ELP-0195,FAC-LEGACY-ELP-0195-5F3C84D0A4AED50E,175,mapped,exact_id,1,ELP-0195,Florida
ELP-0196,FAC-LEGACY-ELP-0196-90006B79F60CAE17,176,mapped,exact_id,1,ELP-0196,Florida
ELP-0198,FAC-LEGACY-ELP-0198-451BEAE19375EA0C,177,mapped,exact_id,1,ELP-0198,Lavalleja
ELP-0200,FAC-LEGACY-ELP-0200-6768581A84630176,178,mapped,exact_id,1,ELP-0200,Lavalleja
ELP-0201,FAC-LEGACY-ELP-0201-8F5EEC7E1BC01B56,179,mapped,exact_id,1,ELP-0201,Lavalleja
ELP-0202,FAC-LEGACY-ELP-0202-CE182AFDB14F2A8A,180,mapped,exact_id,1,ELP-0202,Lavalleja
ELP-0203,FAC-LEGACY-ELP-0203-EA2AFBE5D692D166,181,mapped,exact_id,1,ELP-0203,Lavalleja
ELP-0204,FAC-LEGACY-ELP-0204-15481FBA7D255B7B,182,mapped,exact_id,1,ELP-0204,Lavalleja
ELP-0205,FAC-LEGACY-ELP-0205-C2FE6693CAED6572,183,mapped,exact_id,1,ELP-0205,Lavalleja
ELP-0206,FAC-LEGACY-ELP-0206-73CD8C280E79D431,184,mapped,exact_id,1,ELP-0206,Lavalleja
ELP-0207,FAC-LEGACY-ELP-0207-41CC251FE4C49315,185,mapped,exact_id,1,ELP-0207,Lavalleja
ELP-0208,FAC-LEGACY-ELP-0208-980D6CE7037B34B7,186,mapped,exact_id,1,ELP-0208,Maldonado
ELP-0209,FAC-LEGACY-ELP-0209-81AF5CF9D42A5749,187,mapped,exact_id,1,ELP-0209,Maldonado
ELP-0210,FAC-LEGACY-ELP-0210-31ECBD436E9B1484,188,mapped,exact_id,1,ELP-0210,Maldonado
ELP-0211,FAC-LEGACY-ELP-0211-FD35C747F0D57E76,189,mapped,exact_id,1,ELP-0211,Maldonado
ELP-0212,FAC-LEGACY-ELP-0212-9B6A5E20CD141BF7,190,mapped,exact_id,1,ELP-0212,Maldonado
ELP-0213,FAC-LEGACY-ELP-0213-D20256FF855083F1,191,mapped,exact_id,1,ELP-0213,Maldonado
ELP-0214,FAC-LEGACY-ELP-0214-E337117F8AF501AB,192,mapped,exact_id,1,ELP-0214,Maldonado
ELP-0215,FAC-LEGACY-ELP-0215-699BE7F25918E3C1,193,mapped,exact_id,1,ELP-0215|ELP-0260,Maldonado
ELP-0216,FAC-LEGACY-ELP-0216-F887D6C08596D839,194,mapped,exact_id,1,ELP-0216,Maldonado
ELP-0217,FAC-LEGACY-ELP-0217-7BC99B4DD8D85E68,195,mapped,exact_id,1,ELP-0217,Maldonado
ELP-0218,FAC-LEGACY-ELP-0218-F5B07C8EA88B5297,196,mapped,exact_id,1,ELP-0218,Maldonado
ELP-0222,FAC-LEGACY-ELP-0222-DB431E5562C4BADB,197,mapped,exact_id,1,ELP-0222,Maldonado
ELP-0223,FAC-LEGACY-ELP-0223-FB857B5ABCB5A63E,198,mapped,exact_id,1,ELP-0223,Maldonado
ELP-0224,FAC-LEGACY-ELP-0224-3E9AC28A861D53A2,199,mapped,exact_id,1,ELP-0224,Maldonado
ELP-0225,FAC-LEGACY-ELP-0225-1E6FEE63E2AC3E6B,200,mapped,exact_id,1,ELP-0225,Maldonado
ELP-0226,FAC-LEGACY-ELP-0226-294AB1D9ED9E02F4,201,mapped,exact_id,1,ELP-0226,Maldonado
ELP-0228,FAC-LEGACY-ELP-0228-9146B7D0614A7057,202,mapped,exact_id,1,ELP-0228,Maldonado
ELP-0233,FAC-LEGACY-ELP-0233-E10B5F095A0BDFDC,203,mapped,exact_id,1,ELP-0233,Maldonado
ELP-0234,FAC-LEGACY-ELP-0234-5ED1C5A12CCF89F5,204,mapped,exact_id,1,ELP-0234|ELP-0253,Maldonado
ELP-0235,FAC-LEGACY-ELP-0235-24E77431FF337D93,205,mapped,exact_id,1,ELP-0235,Maldonado
ELP-0236,FAC-LEGACY-ELP-0236-439E68FABE130579,206,mapped,exact_id,1,ELP-0236|ELP-0237,Maldonado
ELP-0238,FAC-LEGACY-ELP-0238-3FFC09FD87B1CB9E,207,mapped,exact_id,1,ELP-0238,Maldonado
ELP-0239,FAC-LEGACY-ELP-0239-75386155EAC1CBF4,208,mapped,exact_id,1,ELP-0239,Maldonado
ELP-0240,FAC-LEGACY-ELP-0240-2B8F89BDCA2A8794,209,mapped,exact_id,1,ELP-0240,Maldonado
ELP-0241,FAC-LEGACY-ELP-0241-F44B5DD64C8172E3,210,mapped,exact_id,1,ELP-0241,Maldonado
ELP-0242,FAC-LEGACY-ELP-0242-15E425BFB56D3260,211,mapped,exact_id,1,ELP-0242,Maldonado
ELP-0243,FAC-LEGACY-ELP-0243-8F8851788CA342F6,212,mapped,exact_id,1,ELP-0243,Maldonado
ELP-0244,FAC-LEGACY-ELP-0244-153E7CD1CA58C1FA,213,mapped,exact_id,1,ELP-0244,Maldonado
ELP-0245,FAC-LEGACY-ELP-0245-5A28F5233C087D19,214,mapped,exact_id,1,ELP-0245,Maldonado
ELP-0246,FAC-LEGACY-ELP-0246-DCDCED195CF31C87,215,mapped,exact_id,1,ELP-0246,Maldonado
ELP-0247,FAC-LEGACY-ELP-0247-D032394F2E4CB08E,216,mapped,exact_id,1,ELP-0247,Maldonado
ELP-0248,FAC-LEGACY-ELP-0248-CB0D181D8B7A8BDD,217,mapped,exact_id,1,ELP-0248,Maldonado
ELP-0249,FAC-LEGACY-ELP-0249-75578408CEAD2FC8,218,mapped,exact_id,1,ELP-0249,Maldonado
ELP-0250,FAC-LEGACY-ELP-0250-DF3BF7F960A782AE,219,mapped,exact_id,1,ELP-0250,Maldonado
ELP-0251,FAC-LEGACY-ELP-0251-A24E32027C2C4A9A,220,mapped,exact_id,1,ELP-0251,Maldonado
ELP-0252,FAC-LEGACY-ELP-0252-89353BED680190F5,221,mapped,exact_id,1,ELP-0252,Maldonado
ELP-0254,FAC-LEGACY-ELP-0254-730DB009B3FD3C85,222,mapped,exact_id,1,ELP-0254,Maldonado
ELP-0255,FAC-LEGACY-ELP-0255-D452E5F9F4437121,223,mapped,exact_id,1,ELP-0255,Maldonado
ELP-0256,FAC-LEGACY-ELP-0256-19C2B4F005873670,224,mapped,exact_id,1,ELP-0256,Maldonado
ELP-0257,FAC-LEGACY-ELP-0257-5745B6CA64D4529C,225,mapped,exact_id,1,ELP-0257,Maldonado
ELP-0258,FAC-LEGACY-ELP-0258-C55BD3F63339C175,226,mapped,exact_id,1,ELP-0258,Maldonado
ELP-0259,FAC-LEGACY-ELP-0259-D23573C978582386,227,mapped,exact_id,1,ELP-0259,Maldonado
ELP-0261,FAC-LEGACY-ELP-0261-165F48FB66D436C7,228,mapped,exact_id,1,ELP-0261,Maldonado
ELP-0262,FAC-LEGACY-ELP-0262-9DBE421183D122FD,229,mapped,exact_id,1,ELP-0262,Maldonado
ELP-0263,FAC-LEGACY-ELP-0263-9DE814C15575D1E2,230,mapped,exact_id,1,ELP-0263,Maldonado
ELP-0264,FAC-LEGACY-ELP-0264-94416C655F01D5F2,231,mapped,exact_id,1,ELP-0264,Maldonado
ELP-0265,FAC-LEGACY-ELP-0265-903E7BC390FB5D9F,232,mapped,exact_id,1,ELP-0265,Maldonado
ELP-0266,FAC-LEGACY-ELP-0266-9EBED7D1D3BAA68B,233,mapped,exact_id,1,ELP-0266,Maldonado
ELP-0267,FAC-LEGACY-ELP-0267-E0FCD046EA51F620,234,mapped,exact_id,1,ELP-0267,Maldonado
ELP-0268,FAC-LEGACY-ELP-0268-11561BBA41ADDD6D,235,mapped,exact_id,1,ELP-0268,Maldonado
ELP-0269,FAC-LEGACY-ELP-0269-C9C1726E11F9498C,236,mapped,exact_id,1,ELP-0269,Maldonado
ELP-0270,FAC-LEGACY-ELP-0270-03D6C586DD26F1AC,237,mapped,exact_id,1,ELP-0270,Maldonado
ELP-0271,FAC-LEGACY-ELP-0271-7DD7B535A6A4BBF8,238,mapped,exact_id,1,ELP-0271,Maldonado
ELP-0272,FAC-LEGACY-ELP-0272-2E3C21F01B893E0A,239,mapped,exact_id,1,ELP-0272,Maldonado
ELP-0273,FAC-LEGACY-ELP-0273-AC38A7DF4D54866F,240,mapped,exact_id,1,ELP-0273,Montevideo
ELP-0274,FAC-LEGACY-ELP-0274-58EC6EB5835F0A9C,241,mapped,exact_id,1,ELP-0274,Montevideo
ELP-0275,FAC-LEGACY-ELP-0275-52E53D8BDDF8C9A8,242,mapped,exact_id,1,ELP-0275,Montevideo
ELP-0276,FAC-LEGACY-ELP-0276-D9240C1AB4D5A097,243,mapped,exact_id,1,ELP-0276,Montevideo
ELP-0277,FAC-LEGACY-ELP-0277-A9650CCB1DFFBFB8,244,mapped,exact_id,1,ELP-0277,Montevideo
ELP-0278,FAC-LEGACY-ELP-0278-9505F8143DA61DA3,245,mapped,exact_id,1,ELP-0278,Montevideo
ELP-0281,FAC-LEGACY-ELP-0281-D7B66DD3CCC579F0,246,mapped,exact_id,1,ELP-0281,Montevideo
ELP-0282,FAC-LEGACY-ELP-0282-4F7AC1D89F3D730F,247,mapped,exact_id,1,ELP-0282,Montevideo
ELP-0283,FAC-LEGACY-ELP-0283-202BE0A92AFD2F73,248,mapped,exact_id,1,ELP-0283,Montevideo
ELP-0284,FAC-LEGACY-ELP-0284-27F90575A55764D9,249,mapped,exact_id,1,ELP-0284,Montevideo
ELP-0285,FAC-LEGACY-ELP-0285-B92A174813CCD300,250,mapped,exact_id,1,ELP-0285,Montevideo
ELP-0287,FAC-LEGACY-ELP-0287-FDFB6B331ACD82FA,251,mapped,exact_id,1,ELP-0287,Montevideo
ELP-0288,FAC-LEGACY-ELP-0288-87B7BBAAAE895033,252,mapped,exact_id,1,ELP-0288,Montevideo
ELP-0289,FAC-LEGACY-ELP-0289-AB6072CD328BEED1,253,mapped,exact_id,1,ELP-0289,Montevideo
ELP-0290,FAC-LEGACY-ELP-0290-1BBC962858CAB618,254,mapped,exact_id,1,ELP-0290,Montevideo
ELP-0292,FAC-LEGACY-ELP-0292-D93731188E1DEB7C,255,mapped,exact_id,1,ELP-0292,Montevideo
ELP-0294,FAC-LEGACY-ELP-0294-0B5DD9BFA09CBDF6,256,mapped,exact_id,1,ELP-0294,Montevideo
ELP-0299,FAC-LEGACY-ELP-0299-257577DB39BC4196,257,mapped,exact_id,1,ELP-0299,Montevideo
ELP-0301,FAC-LEGACY-ELP-0301-8AB5A8EF51BB3576,258,mapped,exact_id,1,ELP-0301,Montevideo
ELP-0302,FAC-LEGACY-ELP-0302-D9C7B70BA002A9E7,259,mapped,exact_id,1,ELP-0302,Montevideo
ELP-0304,FAC-LEGACY-ELP-0304-E2871F1B4D5762FB,260,mapped,exact_id,1,ELP-0304,Montevideo
ELP-0305,FAC-LEGACY-ELP-0305-43E1EB226253ABCB,261,mapped,exact_id,1,ELP-0305,Montevideo
ELP-0310,FAC-LEGACY-ELP-0310-25DDE4BBDF6BFC77,262,mapped,exact_id,1,ELP-0310,Montevideo
ELP-0311,FAC-LEGACY-ELP-0311-F49308A16E491176,263,mapped,exact_id,1,ELP-0311,Montevideo
ELP-0312,FAC-LEGACY-ELP-0312-73CE4ABBB3B54F57,264,mapped,exact_id,1,ELP-0312,Montevideo
ELP-0314,FAC-LEGACY-ELP-0314-FD6191FA7A5F232F,265,mapped,exact_id,1,ELP-0314,Montevideo
ELP-0315,FAC-LEGACY-ELP-0315-4AAA50922D2F5014,266,mapped,exact_id,1,ELP-0315,Montevideo
ELP-0320,FAC-LEGACY-ELP-0320-86F73D92E5DA73CD,267,mapped,exact_id,1,ELP-0320,Montevideo
ELP-0321,FAC-LEGACY-ELP-0321-D37703C4802F37C1,268,mapped,exact_id,1,ELP-0321,Montevideo
ELP-0322,FAC-LEGACY-ELP-0322-CEB565792ED8F725,269,mapped,exact_id,1,ELP-0322,Montevideo
ELP-0323,FAC-LEGACY-ELP-0323-0AE0F719E394692C,270,mapped,exact_id,1,ELP-0323,Montevideo
ELP-0328,FAC-LEGACY-ELP-0328-9B00182E280CFF84,271,mapped,exact_id,1,ELP-0328,Montevideo
ELP-0329,FAC-LEGACY-ELP-0329-AABE2C63332CBD65,272,mapped,exact_id,1,ELP-0329,Montevideo
ELP-0332,FAC-LEGACY-ELP-0332-38A7254DC41A4AC0,273,mapped,exact_id,1,ELP-0332,Montevideo
ELP-0333,FAC-LEGACY-ELP-0333-C5E2E53A75EC6B61,274,mapped,exact_id,1,ELP-0333,Montevideo
ELP-0334,FAC-LEGACY-ELP-0334-9A07938FBA9FBBBA,275,mapped,exact_id,1,ELP-0334,Montevideo
ELP-0335,FAC-LEGACY-ELP-0335-013D30DB5536124B,276,mapped,exact_id,1,ELP-0335,Montevideo
ELP-0336,FAC-LEGACY-ELP-0336-2F0549ED29BF239B,277,mapped,exact_id,1,ELP-0336,Montevideo
ELP-0339,FAC-LEGACY-ELP-0339-553455CD6DDCA934,278,mapped,exact_id,1,ELP-0339|ELP-0340,Montevideo
ELP-0341,FAC-LEGACY-ELP-0341-1D23E52B31DFB334,279,mapped,exact_id,1,ELP-0341,Montevideo
ELP-0342,FAC-LEGACY-ELP-0342-777B9023E2268D38,280,mapped,exact_id,1,ELP-0342,Montevideo
ELP-0343,FAC-LEGACY-ELP-0343-F3CA35B1E43D55E1,281,mapped,exact_id,1,ELP-0343,Montevideo
ELP-0345,FAC-LEGACY-ELP-0345-B0A2D66CA785FEF9,282,mapped,exact_id,1,ELP-0345,Montevideo
ELP-0346,FAC-LEGACY-ELP-0346-9A12DEE3D11B1CE5,283,mapped,exact_id,1,ELP-0346,Montevideo
ELP-0347,FAC-LEGACY-ELP-0347-FA38342308FADB1A,284,mapped,exact_id,1,ELP-0347,Montevideo
ELP-0348,FAC-LEGACY-ELP-0348-772189599AFAD509,285,mapped,exact_id,1,ELP-0348,Montevideo
ELP-0349,FAC-LEGACY-ELP-0349-D8A68E972D7FB300,286,mapped,exact_id,1,ELP-0349,Montevideo
ELP-0350,FAC-LEGACY-ELP-0350-1A44EC6E54F3F2D9,287,mapped,exact_id,1,ELP-0350,Montevideo
ELP-0352,FAC-LEGACY-ELP-0352-79739F1DA1526220,288,mapped,exact_id,1,ELP-0352,Montevideo
ELP-0353,FAC-LEGACY-ELP-0353-36FEB599DFC4BA4B,289,mapped,exact_id,1,ELP-0353,Montevideo
ELP-0354,FAC-LEGACY-ELP-0354-47ECB326D889814C,290,mapped,exact_id,1,ELP-0354,Montevideo
ELP-0355,FAC-LEGACY-ELP-0355-8B12B90681D4EAB1,291,mapped,exact_id,1,ELP-0355,Montevideo
ELP-0356,FAC-LEGACY-ELP-0356-17F1C8764C8D362F,292,mapped,exact_id,1,ELP-0356,Montevideo
ELP-0360,FAC-LEGACY-ELP-0360-1EDE1230879BC916,293,mapped,exact_id,1,ELP-0360,Montevideo
ELP-0361,FAC-LEGACY-ELP-0361-4900E7DD859CC675,294,mapped,exact_id,1,ELP-0361,Montevideo
ELP-0363,FAC-LEGACY-ELP-0363-90C5494758EB2F6F,295,mapped,exact_id,1,ELP-0362|ELP-0363,Montevideo
ELP-0366,FAC-LEGACY-ELP-0366-6CC8F5B459BDD6B5,296,mapped,exact_id,1,ELP-0366,Montevideo
ELP-0368,FAC-LEGACY-ELP-0368-5681B717B8D0FA9C,297,mapped,exact_id,1,ELP-0368,Montevideo
ELP-0371,FAC-LEGACY-ELP-0371-0A07182BCB5E966D,298,mapped,exact_id,1,ELP-0371,Montevideo
ELP-0372,FAC-LEGACY-ELP-0372-1BBCE435E591FC03,299,mapped,exact_id,1,ELP-0372,Montevideo
ELP-0379,FAC-LEGACY-ELP-0379-0940045896724D2D,300,mapped,exact_id,1,ELP-0379,Montevideo
ELP-0380,FAC-LEGACY-ELP-0380-2C37BB97109F39F2,301,mapped,exact_id,1,ELP-0380,Montevideo
ELP-0381,FAC-LEGACY-ELP-0381-77FA693F7EA5F154,302,mapped,exact_id,1,ELP-0381,Montevideo
ELP-0382,FAC-LEGACY-ELP-0382-55EBBB83E5A5CD68,303,mapped,exact_id,1,ELP-0382,Montevideo
ELP-0383,FAC-LEGACY-ELP-0383-052BA81387BFDB3C,304,mapped,exact_id,1,ELP-0383,Montevideo
ELP-0384,FAC-LEGACY-ELP-0384-9E51BC0F46BF52D8,305,mapped,exact_id,1,ELP-0384,Montevideo
ELP-0385,FAC-LEGACY-ELP-0385-737712F583D36F3E,306,mapped,exact_id,1,ELP-0385,Montevideo
ELP-0387,FAC-LEGACY-ELP-0387-7159D641D246FE87,307,mapped,exact_id,1,ELP-0387,Montevideo
ELP-0389,FAC-LEGACY-ELP-0389-9F1051A42C78C03B,308,mapped,exact_id,1,ELP-0389,Montevideo
ELP-0391,FAC-LEGACY-ELP-0391-4F4F6D012412946B,309,mapped,exact_id,1,ELP-0391,Montevideo
ELP-0392,FAC-LEGACY-ELP-0392-0BE8C30A89F33BFD,310,mapped,exact_id,1,ELP-0392,Montevideo
ELP-0393,FAC-LEGACY-ELP-0393-451E8EF49739AE14,311,mapped,exact_id,1,ELP-0393,Montevideo
ELP-0396,FAC-LEGACY-ELP-0396-7592CF321BAADFE2,312,mapped,exact_id,1,ELP-0396,Montevideo
ELP-0398,FAC-LEGACY-ELP-0398-2D1CFDE9FEFF7587,313,mapped,exact_id,1,ELP-0398,Montevideo
ELP-0401,FAC-LEGACY-ELP-0401-2A59CBBF19D7C6B9,314,mapped,exact_id,1,ELP-0401,Montevideo
ELP-0406,FAC-LEGACY-ELP-0406-615DF5E635DEB36F,315,mapped,exact_id,1,ELP-0406,Montevideo
ELP-0408,FAC-LEGACY-ELP-0408-0DCF7999C6A4C1C8,316,mapped,exact_id,1,ELP-0408,Montevideo
ELP-0410,FAC-LEGACY-ELP-0410-FCA89065EE676836,317,mapped,exact_id,1,ELP-0410,Montevideo
ELP-0412,FAC-LEGACY-ELP-0412-40FEE6228F0F04D1,318,mapped,exact_id,1,ELP-0412,Montevideo
ELP-0416,FAC-LEGACY-ELP-0416-52C86E1752BACDCB,319,mapped,exact_id,1,ELP-0416,Montevideo
ELP-0420,FAC-LEGACY-ELP-0420-EADFBC2533222975,320,mapped,exact_id,1,ELP-0420,Montevideo
ELP-0423,FAC-LEGACY-ELP-0423-48663F84E3D7A49E,321,mapped,exact_id,1,ELP-0423,Montevideo
ELP-0425,FAC-LEGACY-ELP-0425-1DCE3986B5426D51,322,mapped,exact_id,1,ELP-0425,Montevideo
ELP-0426,FAC-LEGACY-ELP-0426-2EDE1ADB96977C46,323,mapped,exact_id,1,ELP-0426,Montevideo
ELP-0427,FAC-LEGACY-ELP-0427-C438EEBBD66E1884,324,mapped,exact_id,1,ELP-0427,Montevideo
ELP-0429,FAC-LEGACY-ELP-0429-0B05E2BEB5F59927,325,mapped,exact_id,1,ELP-0429,Montevideo
ELP-0430,FAC-LEGACY-ELP-0430-E1B9FA4E3AEC50EA,326,mapped,exact_id,1,ELP-0430,Montevideo
ELP-0433,FAC-LEGACY-ELP-0433-C5C4DE1CA2059CDF,327,mapped,exact_id,1,ELP-0433,Montevideo
ELP-0434,FAC-LEGACY-ELP-0434-28966724F4B62110,328,mapped,exact_id,1,ELP-0434,Montevideo
ELP-0437,FAC-LEGACY-ELP-0437-C3267606B15A6749,329,mapped,exact_id,1,ELP-0437,Montevideo
ELP-0443,FAC-LEGACY-ELP-0443-8535553F7664370B,330,mapped,exact_id,1,ELP-0443,Montevideo
ELP-0444,FAC-LEGACY-ELP-0444-D5F59ECF36FEDD3F,331,mapped,exact_id,1,ELP-0444,Montevideo
ELP-0445,FAC-LEGACY-ELP-0445-8AD2BF3A8C007AA5,332,mapped,exact_id,1,ELP-0445,Montevideo
ELP-0446,FAC-LEGACY-ELP-0446-29FE18A201FAB372,333,mapped,exact_id,1,ELP-0446,Montevideo
ELP-0448,FAC-LEGACY-ELP-0448-898D6DD9A7C54857,334,mapped,exact_id,1,ELP-0448,Montevideo
ELP-0450,FAC-LEGACY-ELP-0450-324118D633A3C3AD,335,mapped,exact_id,1,ELP-0450,Montevideo
ELP-0455,FAC-LEGACY-ELP-0455-87439137FE02023B,336,mapped,exact_id,1,ELP-0455,Montevideo
ELP-0458,FAC-LEGACY-ELP-0458-1D014C100E47FE51,337,mapped,exact_id,1,ELP-0458,Montevideo
ELP-0464,FAC-LEGACY-ELP-0464-FEC26A0EAF2A332E,338,mapped,exact_id,1,ELP-0464,Montevideo
ELP-0465,FAC-LEGACY-ELP-0465-CD84638123CF7883,339,mapped,exact_id,1,ELP-0465,Montevideo
ELP-0466,FAC-LEGACY-ELP-0466-DE28192637873E26,340,mapped,exact_id,1,ELP-0466,Montevideo
ELP-0467,FAC-LEGACY-ELP-0467-59CDE79AA182BBC7,341,mapped,exact_id,1,ELP-0467,Montevideo
ELP-0472,FAC-LEGACY-ELP-0472-85B30FD164ADA076,342,mapped,exact_id,1,ELP-0472,Montevideo
ELP-0473,FAC-LEGACY-ELP-0473-2B843C30276FEB92,343,mapped,exact_id,1,ELP-0473,Montevideo
ELP-0474,FAC-LEGACY-ELP-0474-3A314DF45EB3668D,344,mapped,exact_id,1,ELP-0474|ELP-0647,Montevideo
ELP-0475,FAC-LEGACY-ELP-0475-DACBCEB00AB56833,345,mapped,exact_id,1,ELP-0475,Montevideo
ELP-0477,FAC-LEGACY-ELP-0477-DAD3BEE74C0D7C6E,346,mapped,exact_id,1,ELP-0477,Montevideo
ELP-0479,FAC-LEGACY-ELP-0479-2A28F8D0ADC27059,347,mapped,exact_id,1,ELP-0479,Montevideo
ELP-0481,FAC-LEGACY-ELP-0481-3EF94DBB594E9CEB,348,mapped,exact_id,1,ELP-0481,Montevideo
ELP-0483,FAC-LEGACY-ELP-0483-4189C82C7F3C7441,349,mapped,exact_id,1,ELP-0483,Montevideo
ELP-0485,FAC-LEGACY-ELP-0485-D0CE8D6AD12E8EF8,350,mapped,exact_id,1,ELP-0485,Montevideo
ELP-0486,FAC-LEGACY-ELP-0486-6ED357E3ACFEDDEB,351,mapped,exact_id,1,ELP-0486,Montevideo
ELP-0487,FAC-LEGACY-ELP-0487-E8764687287497E5,352,mapped,exact_id,1,ELP-0487,Montevideo
ELP-0491,FAC-LEGACY-ELP-0491-5855AD19264B7624,353,mapped,exact_id,1,ELP-0491,Montevideo
ELP-0493,FAC-LEGACY-ELP-0493-AC237994149BCFC3,354,mapped,exact_id,1,ELP-0493,Montevideo
ELP-0496,FAC-LEGACY-ELP-0496-176D71538BB19E38,355,mapped,exact_id,1,ELP-0496,Montevideo
ELP-0497,FAC-LEGACY-ELP-0497-6DE25D7735C2011F,356,mapped,exact_id,1,ELP-0497,Montevideo
ELP-0498,FAC-LEGACY-ELP-0498-3ADF230EA4872E07,357,mapped,exact_id,1,ELP-0498,Montevideo
ELP-0499,FAC-LEGACY-ELP-0499-A769E2489F105073,358,mapped,exact_id,1,ELP-0499,Montevideo
ELP-0502,FAC-LEGACY-ELP-0502-DC7127D8E135BD36,359,mapped,exact_id,1,ELP-0502,Montevideo
ELP-0504,FAC-LEGACY-ELP-0504-FE307E4ECADD5577,360,mapped,exact_id,1,ELP-0504,Montevideo
ELP-0505,FAC-LEGACY-ELP-0505-83D9B5EADD80543E,361,mapped,exact_id,1,ELP-0505,Montevideo
ELP-0509,FAC-LEGACY-ELP-0509-F9A8C741D7DA94B4,362,mapped,exact_id,1,ELP-0509,Montevideo
ELP-0514,FAC-LEGACY-ELP-0514-9786418E7252118B,363,mapped,exact_id,1,ELP-0514,Montevideo
ELP-0516,FAC-LEGACY-ELP-0516-9024AF2ECCCBF0B8,364,mapped,exact_id,1,ELP-0516,Montevideo
ELP-0519,FAC-LEGACY-ELP-0519-B8D4707E13890A90,365,mapped,exact_id,1,ELP-0519,Montevideo
ELP-0521,FAC-LEGACY-ELP-0521-AF5E775A40F35287,366,mapped,exact_id,1,ELP-0521,Montevideo
ELP-0523,FAC-LEGACY-ELP-0523-E1D485F437E21734,367,mapped,exact_id,1,ELP-0523,Montevideo
ELP-0526,FAC-LEGACY-ELP-0526-C2D30D12456497C9,368,mapped,exact_id,1,ELP-0526,Montevideo
ELP-0527,FAC-LEGACY-ELP-0527-F5C7B75EDB343175,369,mapped,exact_id,1,ELP-0527,Montevideo
ELP-0528,FAC-LEGACY-ELP-0528-9F4C6D97D6A8B7A2,370,mapped,exact_id,1,ELP-0528,Montevideo
ELP-0530,FAC-LEGACY-ELP-0530-5866704BD77F28DE,371,mapped,exact_id,1,ELP-0530,Montevideo
ELP-0531,FAC-LEGACY-ELP-0531-FDC7823882FC9337,372,mapped,exact_id,1,ELP-0531,Montevideo
ELP-0534,FAC-LEGACY-ELP-0534-DE6A22547BA0A25D,373,mapped,exact_id,1,ELP-0534,Montevideo
ELP-0535,FAC-LEGACY-ELP-0535-8D3957A60D4352E8,374,mapped,exact_id,1,ELP-0535,Montevideo
ELP-0538,FAC-LEGACY-ELP-0538-0E9A4D4BC24169EB,375,mapped,exact_id,1,ELP-0538,Montevideo
ELP-0539,FAC-LEGACY-ELP-0539-765EF7D5E260DF1D,376,mapped,exact_id,1,ELP-0539,Montevideo
ELP-0541,FAC-LEGACY-ELP-0541-4DCF62AF77B52570,377,mapped,exact_id,1,ELP-0541,Montevideo
ELP-0542,FAC-LEGACY-ELP-0542-00030DCF46A70C70,378,mapped,exact_id,1,ELP-0542,Montevideo
ELP-0543,FAC-LEGACY-ELP-0543-0C966F75AD276BEA,379,mapped,exact_id,1,ELP-0543,Montevideo
ELP-0545,FAC-LEGACY-ELP-0545-EC6C0D665F58A92D,380,mapped,exact_id,1,ELP-0545,Montevideo
ELP-0547,FAC-LEGACY-ELP-0547-6BEE1FC0F66A7028,381,mapped,exact_id,1,ELP-0547,Montevideo
ELP-0548,FAC-LEGACY-ELP-0548-37DCCB08474CC79F,382,mapped,exact_id,1,ELP-0548,Montevideo
ELP-0549,FAC-LEGACY-ELP-0549-BB7AFDB486ED1287,383,mapped,exact_id,1,ELP-0549,Montevideo
ELP-0550,FAC-LEGACY-ELP-0550-7CF4D34C90D4AD3B,384,mapped,exact_id,1,ELP-0550,Montevideo
ELP-0551,FAC-LEGACY-ELP-0551-1DCEEA123C832B76,385,mapped,exact_id,1,ELP-0551,Montevideo
ELP-0553,FAC-LEGACY-ELP-0553-37BD73770CD06196,386,mapped,exact_id,1,ELP-0553,Montevideo
ELP-0554,FAC-LEGACY-ELP-0554-57FDFC00BC5DCB9E,387,mapped,exact_id,1,ELP-0554,Montevideo
ELP-0555,FAC-LEGACY-ELP-0555-BB4202A284A223D2,388,mapped,exact_id,1,ELP-0555,Montevideo
ELP-0559,FAC-LEGACY-ELP-0559-37CF52F4FE95C2A8,389,mapped,exact_id,1,ELP-0559,Montevideo
ELP-0562,FAC-LEGACY-ELP-0562-404C27AA365AF779,390,mapped,exact_id,1,ELP-0562,Montevideo
ELP-0565,FAC-LEGACY-ELP-0565-A5ED35D6C0A642C1,391,mapped,exact_id,1,ELP-0565,Montevideo
ELP-0567,FAC-LEGACY-ELP-0567-FFDD44CBA705D2B2,392,mapped,exact_id,1,ELP-0567,Montevideo
ELP-0568,FAC-LEGACY-ELP-0568-EDF67498AEF24705,393,mapped,exact_id,1,ELP-0568,Montevideo
ELP-0569,FAC-LEGACY-ELP-0569-040D5D9F2D30F915,394,mapped,exact_id,1,ELP-0569,Montevideo
ELP-0570,FAC-LEGACY-ELP-0570-ED3D6364CFEA67C3,395,mapped,exact_id,1,ELP-0570,Montevideo
ELP-0571,FAC-LEGACY-ELP-0571-99E3E56FDBB6C9CA,396,mapped,exact_id,1,ELP-0571,Montevideo
ELP-0572,FAC-LEGACY-ELP-0572-50F83325F0788C56,397,mapped,exact_id,1,ELP-0572,Montevideo
ELP-0573,FAC-LEGACY-ELP-0573-A5EFCD4D952F55DE,398,mapped,exact_id,1,ELP-0573,Montevideo
ELP-0574,FAC-LEGACY-ELP-0574-E48D981E52112FCA,399,mapped,exact_id,1,ELP-0574,Montevideo
ELP-0575,FAC-LEGACY-ELP-0575-4A859A799AE34B02,400,mapped,exact_id,1,ELP-0575,Montevideo
ELP-0576,FAC-LEGACY-ELP-0576-A2B22AACFD636655,401,mapped,exact_id,1,ELP-0576,Montevideo
ELP-0577,FAC-LEGACY-ELP-0577-E97E522CB1DAC890,402,mapped,exact_id,1,ELP-0577,Montevideo
ELP-0578,FAC-LEGACY-ELP-0578-3579D529E890B1A8,403,mapped,exact_id,1,ELP-0578,Montevideo
ELP-0579,FAC-LEGACY-ELP-0579-041F87AE747F3344,404,mapped,exact_id,1,ELP-0579,Montevideo
ELP-0580,FAC-LEGACY-ELP-0580-B66831D067CAFEF5,405,mapped,exact_id,1,ELP-0580,Montevideo
ELP-0581,FAC-LEGACY-ELP-0581-53BC5A1F654EEA2F,406,mapped,exact_id,1,ELP-0581,Montevideo
ELP-0582,FAC-LEGACY-ELP-0582-93D22D7B7E424AB9,407,mapped,exact_id,1,ELP-0582,Montevideo
ELP-0583,FAC-LEGACY-ELP-0583-A98BF9BFA711F6C2,408,mapped,exact_id,1,ELP-0583,Montevideo
ELP-0584,FAC-LEGACY-ELP-0584-6D025B7D15795C11,409,mapped,exact_id,1,ELP-0584,Montevideo
ELP-0585,FAC-LEGACY-ELP-0585-E254B45D443DD13E,410,mapped,exact_id,1,ELP-0585,Montevideo
ELP-0586,FAC-LEGACY-ELP-0586-ABE85E1C6F932238,411,mapped,exact_id,1,ELP-0586,Montevideo
ELP-0587,FAC-LEGACY-ELP-0587-EB510E7A7B1328F9,412,mapped,exact_id,1,ELP-0587,Montevideo
ELP-0588,FAC-LEGACY-ELP-0588-A72B2CA8CE93A012,413,mapped,exact_id,1,ELP-0588,Montevideo
ELP-0589,FAC-LEGACY-ELP-0589-96626B5252BB6ACE,414,mapped,exact_id,1,ELP-0589,Montevideo
ELP-0590,FAC-LEGACY-ELP-0590-2A701B5D0350A247,415,mapped,exact_id,1,ELP-0590,Montevideo
ELP-0591,FAC-LEGACY-ELP-0591-88D31DD192D38E5A,416,mapped,exact_id,1,ELP-0591,Montevideo
ELP-0592,FAC-LEGACY-ELP-0592-CE634CDBFF0B8723,417,mapped,exact_id,1,ELP-0592,Montevideo
ELP-0594,FAC-LEGACY-ELP-0594-26B45F34B7FF43FB,418,mapped,exact_id,1,ELP-0594,Montevideo
ELP-0596,FAC-LEGACY-ELP-0596-D422B9C035B4D1C5,419,mapped,exact_id,1,ELP-0596,Montevideo
ELP-0598,FAC-LEGACY-ELP-0598-D2F17F1F3E00BF4A,420,mapped,exact_id,1,ELP-0598,Montevideo
ELP-0599,FAC-LEGACY-ELP-0599-0ECB14BD8087CA16,421,mapped,exact_id,1,ELP-0599,Montevideo
ELP-0600,FAC-LEGACY-ELP-0600-43260BB052B70A02,422,mapped,exact_id,1,ELP-0600,Montevideo
ELP-0602,FAC-LEGACY-ELP-0602-ECDCC779C3668315,423,mapped,exact_id,1,ELP-0602,Montevideo
ELP-0603,FAC-LEGACY-ELP-0603-0676264545619DF2,424,mapped,exact_id,1,ELP-0603,Montevideo
ELP-0604,FAC-LEGACY-ELP-0604-E3F3CDB743F0F5F6,425,mapped,exact_id,1,ELP-0604,Montevideo
ELP-0606,FAC-LEGACY-ELP-0606-F6306003DF5F90F8,426,mapped,exact_id,1,ELP-0606,Montevideo
ELP-0607,FAC-LEGACY-ELP-0607-596BA06AD9104B09,427,mapped,exact_id,1,ELP-0607,Montevideo
ELP-0608,FAC-LEGACY-ELP-0608-24207C2A63674241,428,mapped,exact_id,1,ELP-0608,Montevideo
ELP-0609,FAC-LEGACY-ELP-0609-809FE9207ACFDC34,429,mapped,exact_id,1,ELP-0609,Montevideo
ELP-0611,FAC-LEGACY-ELP-0611-42944DAB39BC5F17,430,mapped,exact_id,1,ELP-0611,Montevideo
ELP-0612,FAC-LEGACY-ELP-0612-951238ED6ED29C39,431,mapped,exact_id,1,ELP-0612,Montevideo
ELP-0614,FAC-LEGACY-ELP-0614-A5BC4091942B5F89,432,mapped,exact_id,1,ELP-0614,Montevideo
ELP-0615,FAC-LEGACY-ELP-0615-7B021CEA7DF01D3F,433,mapped,exact_id,1,ELP-0615,Montevideo
ELP-0616,FAC-LEGACY-ELP-0616-1CF1F3376237C6B9,434,mapped,exact_id,1,ELP-0616,Montevideo
ELP-0617,FAC-LEGACY-ELP-0617-4397659B0A07FED8,435,mapped,exact_id,1,ELP-0617,Montevideo
ELP-0618,FAC-LEGACY-ELP-0618-FC878E12ED1EF025,436,mapped,exact_id,1,ELP-0618,Montevideo
ELP-0619,FAC-LEGACY-ELP-0619-DD6CA224A0D90647,437,mapped,exact_id,1,ELP-0619,Montevideo
ELP-0620,FAC-LEGACY-ELP-0620-EF2175FFFFF5965F,438,mapped,exact_id,1,ELP-0620,Montevideo
ELP-0621,FAC-LEGACY-ELP-0621-F6838D493544991E,439,mapped,exact_id,1,ELP-0621,Montevideo
ELP-0622,FAC-LEGACY-ELP-0622-C0B0502583BCE0D0,440,mapped,exact_id,1,ELP-0622,Montevideo
ELP-0623,FAC-LEGACY-ELP-0623-A7629D0E7FC7102E,441,mapped,exact_id,1,ELP-0623,Montevideo
ELP-0624,FAC-LEGACY-ELP-0624-A4FCC22644017FDD,442,mapped,exact_id,1,ELP-0624,Montevideo
ELP-0625,FAC-LEGACY-ELP-0625-2C4120F281E273B7,443,mapped,exact_id,1,ELP-0625,Montevideo
ELP-0626,FAC-LEGACY-ELP-0626-12D98B53AE272297,444,mapped,exact_id,1,ELP-0626,Montevideo
ELP-0627,FAC-LEGACY-ELP-0627-AC6A1C94CA12EF18,445,mapped,exact_id,1,ELP-0627,Montevideo
ELP-0628,FAC-LEGACY-ELP-0628-0885D9D1ED1D26E7,446,mapped,exact_id,1,ELP-0628,Montevideo
ELP-0629,FAC-LEGACY-ELP-0629-1DFA3816789AAE2D,447,mapped,exact_id,1,ELP-0629,Montevideo
ELP-0630,FAC-LEGACY-ELP-0630-D510F347D6F78C06,448,mapped,exact_id,1,ELP-0630,Montevideo
ELP-0631,FAC-LEGACY-ELP-0631-BA3F5F2D66A2079E,449,mapped,exact_id,1,ELP-0631,Montevideo
ELP-0632,FAC-LEGACY-ELP-0632-824C7EC96CBFA2CE,450,mapped,exact_id,1,ELP-0632,Montevideo
ELP-0633,FAC-LEGACY-ELP-0633-C127B4F2C4F469CC,451,mapped,exact_id,1,ELP-0633,Montevideo
ELP-0634,FAC-LEGACY-ELP-0634-FE476FF45B05D2F1,452,mapped,exact_id,1,ELP-0634,Montevideo
ELP-0635,FAC-LEGACY-ELP-0635-625297C1332C6875,453,mapped,exact_id,1,ELP-0635,Montevideo
ELP-0638,FAC-LEGACY-ELP-0638-F9B7280F55325FDC,454,mapped,exact_id,1,ELP-0638,Montevideo
ELP-0639,FAC-LEGACY-ELP-0639-08FFECDCAAB16BF5,455,mapped,exact_id,1,ELP-0639,Montevideo
ELP-0640,FAC-LEGACY-ELP-0640-C2A64FB4671CC3FF,456,mapped,exact_id,1,ELP-0640,Montevideo
ELP-0643,FAC-LEGACY-ELP-0643-BFD07F8337F00DD3,457,mapped,exact_id,1,ELP-0643,Montevideo
ELP-0645,FAC-LEGACY-ELP-0645-F278438AB4B11EE2,458,mapped,exact_id,1,ELP-0645,Montevideo
ELP-0648,FAC-LEGACY-ELP-0648-B26508E0083CFA57,459,mapped,exact_id,1,ELP-0648,Montevideo
ELP-0649,FAC-LEGACY-ELP-0649-DE35754F63F27C54,460,mapped,exact_id,1,ELP-0649,Montevideo
ELP-0650,FAC-LEGACY-ELP-0650-D529A0E5EEE6113A,461,mapped,exact_id,1,ELP-0650,Montevideo
ELP-0652,FAC-LEGACY-ELP-0652-61C73CB02C567F5F,462,mapped,exact_id,1,ELP-0652,Montevideo
ELP-0654,FAC-LEGACY-ELP-0654-89AAF331B3597D54,463,mapped,exact_id,1,ELP-0654,Montevideo
ELP-0658,FAC-LEGACY-ELP-0658-29693FC4CFD34555,464,mapped,exact_id,1,ELP-0658,Montevideo
ELP-0659,FAC-LEGACY-ELP-0659-2D59E41DF1C5AF7B,465,mapped,exact_id,1,ELP-0659,Montevideo
ELP-0662,FAC-LEGACY-ELP-0662-2664FE65747B9728,466,mapped,exact_id,1,ELP-0662,Montevideo
ELP-0663,FAC-LEGACY-ELP-0663-4CCAEB9C159A12FA,467,mapped,exact_id,1,ELP-0663,Montevideo
ELP-0664,FAC-LEGACY-ELP-0664-D5DBDBD8F50B8E73,468,mapped,exact_id,1,ELP-0664,Montevideo
ELP-0665,FAC-LEGACY-ELP-0665-E738258AEC59D80A,469,mapped,exact_id,1,ELP-0665,Montevideo
ELP-0666,FAC-LEGACY-ELP-0666-F75253928D89B9E3,470,mapped,exact_id,1,ELP-0666,Montevideo
ELP-0667,FAC-LEGACY-ELP-0667-3C4D19F402F6FE2D,471,mapped,exact_id,1,ELP-0667,Montevideo
ELP-0668,FAC-LEGACY-ELP-0668-EC109DBBCF484F2F,472,mapped,exact_id,1,ELP-0668,Montevideo
ELP-0670,FAC-LEGACY-ELP-0670-669642F0DA62C800,473,mapped,exact_id,1,ELP-0669|ELP-0670,Montevideo
ELP-0671,FAC-LEGACY-ELP-0671-58C17F8D910998EE,474,mapped,exact_id,1,ELP-0671,Montevideo
ELP-0673,FAC-LEGACY-ELP-0673-C567CA4DA20AF533,475,mapped,exact_id,1,ELP-0673,Montevideo
ELP-0674,FAC-LEGACY-ELP-0674-489BD2C57524BC2D,476,mapped,exact_id,1,ELP-0674,Montevideo
ELP-0675,FAC-LEGACY-ELP-0675-2D5F714990033D41,477,mapped,exact_id,1,ELP-0675,Montevideo
ELP-0677,FAC-LEGACY-ELP-0677-3FA1C52E255754A1,478,mapped,exact_id,1,ELP-0677,Montevideo
ELP-0678,FAC-LEGACY-ELP-0678-8E073F7AE805C59A,479,mapped,exact_id,1,ELP-0678,Montevideo
ELP-0679,FAC-LEGACY-ELP-0679-593E0A20FB5AF841,480,mapped,exact_id,1,ELP-0679,Montevideo
ELP-0682,FAC-LEGACY-ELP-0682-13BEF803B2D3D8C1,481,mapped,exact_id,1,ELP-0682,Montevideo
ELP-0683,FAC-LEGACY-ELP-0683-C2ECBB201613F82D,482,mapped,exact_id,1,ELP-0683,Montevideo
ELP-0684,FAC-LEGACY-ELP-0684-BB262AD87E9DC04B,483,mapped,exact_id,1,ELP-0684,Montevideo
ELP-0685,FAC-LEGACY-ELP-0685-EC361299A4D3F397,484,mapped,exact_id,1,ELP-0644|ELP-0685,Montevideo
ELP-0687,FAC-LEGACY-ELP-0687-01388FFF56CF56A3,485,mapped,exact_id,1,ELP-0687,Montevideo
ELP-0688,FAC-LEGACY-ELP-0688-335424AA200C241C,486,mapped,exact_id,1,ELP-0688,Montevideo
ELP-0692,FAC-LEGACY-ELP-0692-EB524965683E6707,487,mapped,exact_id,1,ELP-0692,Montevideo
ELP-0694,FAC-LEGACY-ELP-0694-8813DB825154219A,488,mapped,exact_id,1,ELP-0694,Montevideo
ELP-0698,FAC-LEGACY-ELP-0698-BB70C69BBA301B8F,489,mapped,exact_id,1,ELP-0698,Montevideo
ELP-0699,FAC-LEGACY-ELP-0699-2AF5C4249501D7D2,490,mapped,exact_id,1,ELP-0699|ELP-0700,Montevideo
ELP-0706,FAC-LEGACY-ELP-0706-1B7FEB4EFDDBA727,491,mapped,exact_id,1,ELP-0706,Montevideo
ELP-0710,FAC-LEGACY-ELP-0710-2543FC2ACA118488,492,mapped,exact_id,1,ELP-0710,Montevideo
ELP-0711,FAC-LEGACY-ELP-0711-FDFCC7F749E9C6FE,493,mapped,exact_id,1,ELP-0711,Paysandú
ELP-0719,FAC-LEGACY-ELP-0719-C6C307AB5545C919,494,mapped,exact_id,1,ELP-0719,Paysandú
ELP-0720,FAC-LEGACY-ELP-0720-49253F388FA1AA96,495,mapped,exact_id,1,ELP-0720,Paysandú
ELP-0721,FAC-LEGACY-ELP-0721-939F5BB966B064D7,496,mapped,exact_id,1,ELP-0721,Paysandú
ELP-0723,FAC-LEGACY-ELP-0723-EF36A019FB9CCEA2,497,mapped,exact_id,1,ELP-0723,Paysandú
ELP-0724,FAC-LEGACY-ELP-0724-4F458F4878B2475F,498,mapped,exact_id,1,ELP-0724,Paysandú
ELP-0726,FAC-LEGACY-ELP-0726-538EFCEC60652FA5,499,mapped,exact_id,1,ELP-0726,Rivera
ELP-0727,FAC-LEGACY-ELP-0727-6A1A4659891B7470,500,mapped,exact_id,1,ELP-0727,Rivera
ELP-0728,FAC-LEGACY-ELP-0728-7C9A4DDADFED0D25,501,mapped,exact_id,1,ELP-0728,Rocha
ELP-0729,FAC-LEGACY-ELP-0729-91C4E33050BE345B,502,mapped,exact_id,1,ELP-0729,Rocha
ELP-0730,FAC-LEGACY-ELP-0730-118700F6DCA67DD3,503,mapped,exact_id,1,ELP-0730,Rocha
ELP-0731,FAC-LEGACY-ELP-0731-DCC37DA540EE240E,504,mapped,exact_id,1,ELP-0731,Rocha
ELP-0732,FAC-LEGACY-ELP-0732-B6B28BDBF5665869,505,mapped,exact_id,1,ELP-0732,Rocha
ELP-0733,FAC-LEGACY-ELP-0733-A9116E8745E6D3D0,506,mapped,exact_id,1,ELP-0733,Río Negro
ELP-0735,FAC-LEGACY-ELP-0735-44BC9E4425B6A07F,507,mapped,exact_id,1,ELP-0735,Río Negro
ELP-0736,FAC-LEGACY-ELP-0736-27ADC896BA4C311B,508,mapped,exact_id,1,ELP-0736,Río Negro
ELP-0737,FAC-LEGACY-ELP-0737-77ABC5104A3190BC,509,mapped,exact_id,1,ELP-0737,Salto
ELP-0739,FAC-LEGACY-ELP-0739-280CE95563B9F9E4,510,mapped,exact_id,1,ELP-0739,Salto
ELP-0740,FAC-LEGACY-ELP-0740-C1E0B6067E49C2C5,511,mapped,exact_id,1,ELP-0740,Salto
ELP-0741,FAC-LEGACY-ELP-0741-BF2525BDA851B190,512,mapped,exact_id,1,ELP-0741,Salto
ELP-0742,FAC-LEGACY-ELP-0742-6B000CA9CF1FA046,513,mapped,exact_id,1,ELP-0742,Salto
ELP-0743,FAC-LEGACY-ELP-0743-807E2FDC9C8B474A,514,mapped,exact_id,1,ELP-0743,Salto
ELP-0744,FAC-LEGACY-ELP-0744-6AACF99CEDBEBC28,515,mapped,exact_id,1,ELP-0744,Salto
ELP-0745,FAC-LEGACY-ELP-0745-D13A9B670FE99EAE,516,mapped,exact_id,1,ELP-0745,Salto
ELP-0746,FAC-LEGACY-ELP-0746-655692E290C4C368,517,mapped,exact_id,1,ELP-0746,Salto
ELP-0747,FAC-LEGACY-ELP-0747-434E59531D15B2D3,518,mapped,exact_id,1,ELP-0747,Salto
ELP-0748,FAC-LEGACY-ELP-0748-3A65742E11BE165B,519,mapped,exact_id,1,ELP-0748,Salto
ELP-0749,FAC-LEGACY-ELP-0749-9613710838DED0AA,520,mapped,exact_id,1,ELP-0749,Salto
ELP-0751,FAC-LEGACY-ELP-0751-EF1359A7E07B6ECB,521,mapped,exact_id,1,ELP-0751,Salto
ELP-0752,FAC-LEGACY-ELP-0752-1268B2C5528AEF84,522,mapped,exact_id,1,ELP-0752,Salto
ELP-0753,FAC-LEGACY-ELP-0753-0D1D080CC187E9B8,523,mapped,exact_id,1,ELP-0753,Salto
ELP-0754,FAC-LEGACY-ELP-0754-05196AF01BB5CE6B,524,mapped,exact_id,1,ELP-0754,Salto
ELP-0756,FAC-LEGACY-ELP-0756-5329ABA058C824D5,525,mapped,exact_id,1,ELP-0756,San José
ELP-0758,FAC-LEGACY-ELP-0758-2211F4B8DA31CF5B,526,mapped,exact_id,1,ELP-0757|ELP-0758,San José
ELP-0760,FAC-LEGACY-ELP-0760-9E86504908CFD1E5,527,mapped,exact_id,1,ELP-0760,San José
ELP-0761,FAC-LEGACY-ELP-0761-E5A3B0C0AE7E4AA6,528,mapped,exact_id,1,ELP-0761,San José
ELP-0762,FAC-LEGACY-ELP-0762-64C9DED384831F4C,529,mapped,exact_id,1,ELP-0762,San José
ELP-0763,FAC-LEGACY-ELP-0763-D41C07EC25945153,530,mapped,exact_id,1,ELP-0763,San José
ELP-0765,FAC-LEGACY-ELP-0765-BC3465F42EFA0233,531,mapped,exact_id,1,ELP-0764|ELP-0765,San José
ELP-0767,FAC-LEGACY-ELP-0767-F735F0F5559D6217,532,mapped,exact_id,1,ELP-0767,San José
ELP-0769,FAC-LEGACY-ELP-0769-789B985A66683672,533,mapped,exact_id,1,ELP-0769|ELP-0770,San José
ELP-0772,FAC-LEGACY-ELP-0772-EE816FE4172512EE,534,mapped,exact_id,1,ELP-0772,San José
ELP-0773,FAC-LEGACY-ELP-0773-A9D54D80A131D821,535,mapped,exact_id,1,ELP-0773,San José
ELP-0775,FAC-LEGACY-ELP-0775-DE2E5AD90521221C,536,mapped,exact_id,1,ELP-0775,San José
ELP-0776,FAC-LEGACY-ELP-0776-C8B4A2251F04BD4E,537,mapped,exact_id,1,ELP-0776,San José
ELP-0777,FAC-LEGACY-ELP-0777-534C0A5F1F39C9A9,538,mapped,exact_id,1,ELP-0777,San José
ELP-0778,FAC-LEGACY-ELP-0778-E055366059A2165A,539,mapped,exact_id,1,ELP-0778,San José
ELP-0779,FAC-LEGACY-ELP-0779-28C3B4A6901535DE,540,mapped,exact_id,1,ELP-0779,San José
ELP-0780,FAC-LEGACY-ELP-0780-1DC18EB5E37357D1,541,mapped,exact_id,1,ELP-0780,San José
ELP-0781,FAC-LEGACY-ELP-0781-22729A8B083FB74B,542,mapped,exact_id,1,ELP-0781,San José
ELP-0782,FAC-LEGACY-ELP-0782-9BAE9AA223F9B15A,543,mapped,exact_id,1,ELP-0782,San José
ELP-0783,FAC-LEGACY-ELP-0783-B00B83E6ACC12ED2,544,mapped,exact_id,1,ELP-0783,San José
ELP-0784,FAC-LEGACY-ELP-0784-CDF7B0BDBE1EFC6D,545,mapped,exact_id,1,ELP-0784,San José
ELP-0785,FAC-LEGACY-ELP-0785-09BDAF1BC5EA15B9,546,mapped,exact_id,1,ELP-0785,San José
ELP-0786,FAC-LEGACY-ELP-0786-4533A7780F0CB43E,547,mapped,exact_id,1,ELP-0786,San José
ELP-0787,FAC-LEGACY-ELP-0787-1FD7AA34C00B569C,548,mapped,exact_id,1,ELP-0787,Soriano
ELP-0790,FAC-LEGACY-ELP-0790-8142906DCEA90E69,549,mapped,exact_id,1,ELP-0790,Soriano
ELP-0791,FAC-LEGACY-ELP-0791-F5E7D38A55959D55,550,mapped,exact_id,1,ELP-0791|ELP-0794,Soriano
ELP-0792,FAC-LEGACY-ELP-0792-4D75C8DBFF0B9698,551,mapped,exact_id,1,ELP-0792,Soriano
ELP-0793,FAC-LEGACY-ELP-0793-42810435160CFB2F,552,mapped,exact_id,1,ELP-0793,Soriano
ELP-0795,FAC-LEGACY-ELP-0795-ADEC15531F76F516,553,mapped,exact_id,1,ELP-0795,Soriano
ELP-0796,FAC-LEGACY-ELP-0796-CA77C9AF314B78D9,554,mapped,exact_id,1,ELP-0796,Soriano
ELP-0797,FAC-LEGACY-ELP-0797-63C686B582F77A78,555,mapped,exact_id,1,ELP-0797,Soriano
ELP-0798,FAC-LEGACY-ELP-0798-D1A39FAB9475B3D5,556,mapped,exact_id,1,ELP-0798,Tacuarembó
ELP-0799,FAC-LEGACY-ELP-0799-1457F96D810E1F75,557,mapped,exact_id,1,ELP-0799,Tacuarembó
ELP-0800,FAC-LEGACY-ELP-0800-78AE73320FB774BF,558,mapped,exact_id,1,ELP-0800,Tacuarembó
ELP-0801,FAC-LEGACY-ELP-0801-A058CF6EC130D243,559,mapped,exact_id,1,ELP-0801,Tacuarembó
ELP-0802,FAC-LEGACY-ELP-0802-1F42837EC6E24A60,560,mapped,exact_id,1,ELP-0802,Tacuarembó
ELP-0803,FAC-LEGACY-ELP-0803-33624FE2970A51FE,561,mapped,exact_id,1,ELP-0803,Tacuarembó
ELP-0804,FAC-LEGACY-ELP-0804-BB4B52A844C6D879,562,mapped,exact_id,1,ELP-0804,Tacuarembó
ELP-0805,FAC-LEGACY-ELP-0805-4CE7D33AD2866E17,563,mapped,exact_id,1,ELP-0805,Tacuarembó
ELP-0806,FAC-LEGACY-ELP-0806-AED16DACA52D5684,564,mapped,exact_id,1,ELP-0806,Tacuarembó
ELP-0807,FAC-LEGACY-ELP-0807-EDEA0C53D9292FC7,565,mapped,exact_id,1,ELP-0807,Tacuarembó
ELP-0808,FAC-LEGACY-ELP-0808-AF74C0CAE1BDD97C,566,mapped,exact_id,1,ELP-0808,Tacuarembó
ELP-0809,FAC-LEGACY-ELP-0809-E9BFC3909073BB66,567,mapped,exact_id,1,ELP-0809,Treinta y Tres
ELP-0810,FAC-LEGACY-ELP-0810-A2E6920D9ECD22B3,568,mapped,exact_id,1,ELP-0810,Treinta y Tres
MSP24-001,FAC-LEGACY-MSP24-001-2E9E7DD309A08B04,569,mapped,exact_id,1,ELP-0316,Montevideo
MSP24-002,FAC-LEGACY-MSP24-002-B428248480CD6891,570,mapped,exact_id,1,ELP-0556,Montevideo
MSP24-003,FAC-LEGACY-MSP24-003-13C0D57F97D6119A,571,mapped,exact_id,1,,Montevideo
MSP24-004,FAC-LEGACY-MSP24-004-CB52F89640BB882A,572,mapped,exact_id,1,ELP-0405,Montevideo
MSP24-005,FAC-LEGACY-MSP24-005-4BBDD41E0A4E6812,573,mapped,exact_id,1,ELP-0457,Montevideo
MSP24-006,FAC-LEGACY-MSP24-006-C30A3FE4EAA62F23,574,mapped,exact_id,1,ELP-0338,Montevideo
MSP24-007,FAC-LEGACY-MSP24-007-7F62C2FB4968E98C,575,mapped,exact_id,1,ELP-0413,Montevideo
MSP24-008,FAC-LEGACY-MSP24-008-72EA9ACDEDE396D7,576,mapped,exact_id,1,,Montevideo
MSP24-009,FAC-LEGACY-MSP24-009-2213D855EB344012,577,mapped,exact_id,1,,Montevideo
MSP24-010,FAC-LEGACY-MSP24-010-3C21245E1AFE1EEF,578,mapped,exact_id,1,ELP-0377,Montevideo
MSP24-011,FAC-LEGACY-MSP24-011-690FB5E8DE8BD869,579,mapped,exact_id,1,ELP-0515,Montevideo
MSP24-012,FAC-LEGACY-MSP24-012-DE2BA10DD5EA48D8,580,mapped,exact_id,1,ELP-0524,Montevideo
MSP24-013,FAC-LEGACY-MSP24-013-1E3C77537B1FA847,581,mapped,exact_id,1,,Montevideo
MSP24-014,FAC-LEGACY-MSP24-014-1104978B04E09067,582,mapped,exact_id,1,,Montevideo
MSP24-015,FAC-LEGACY-MSP24-015-8577B1AB3E5AECC2,583,mapped,exact_id,1,ELP-0689,Montevideo
MSP24-016,FAC-LEGACY-MSP24-016-2A25A5BDFB21937B,584,mapped,exact_id,1,ELP-0707,Montevideo
MSP24-017,FAC-LEGACY-MSP24-017-1C5CDAB5906A7872,585,mapped,exact_id,1,ELP-0642,Montevideo
MSP24-018,FAC-LEGACY-MSP24-018-615BC3EF470093A8,586,mapped,exact_id,1,,Montevideo
MSP24-019,FAC-LEGACY-MSP24-019-A35CA0F422025173,587,mapped,exact_id,1,,Montevideo
MSP24-020,FAC-LEGACY-MSP24-020-25AB6EFE5BAC45A9,588,mapped,exact_id,1,,Montevideo
MSP24-021,FAC-LEGACY-MSP24-021-31D9A9A88EB8FE89,589,mapped,exact_id,1,,Montevideo
MSP24-022,FAC-LEGACY-MSP24-022-0D57C1E4EC300D7B,590,mapped,exact_id,1,ELP-0452,Montevideo
MSP24-023,FAC-LEGACY-MSP24-023-0CC798D3A201CEFD,591,mapped,exact_id,1,ELP-0709,Montevideo
MSP24-024,FAC-LEGACY-MSP24-024-5E4A932D83C06AB9,592,mapped,exact_id,1,ELP-0388,Montevideo
MSP24-025,FAC-LEGACY-MSP24-025-2F4C08E530CFFDE6,593,mapped,exact_id,1,ELP-0690,Montevideo
MSP24-026,FAC-LEGACY-MSP24-026-7A888020BBF04ACE,594,mapped,exact_id,1,,Montevideo
MSP24-027,FAC-LEGACY-MSP24-027-0C7D6F08501225A2,595,mapped,exact_id,1,,Montevideo
MSP24-028,FAC-LEGACY-MSP24-028-167D1820E6017576,596,mapped,exact_id,1,,Montevideo
MSP24-029,FAC-LEGACY-MSP24-029-B8FB24CAA3DB9A65,597,mapped,exact_id,1,,Montevideo
MSP24-030,FAC-LEGACY-MSP24-030-F34C498F5B808496,598,mapped,exact_id,1,ELP-0613,Montevideo
MSP24-031,FAC-LEGACY-MSP24-031-0B11A64982C97BEC,599,mapped,exact_id,1,ELP-0564,Montevideo
MSP24-032,FAC-LEGACY-MSP24-032-99FA743E32108B5C,600,mapped,exact_id,1,,Montevideo
MSP24-033,FAC-LEGACY-MSP24-033-C0B4DD5CDDE16A88,601,mapped,exact_id,1,ELP-0490,Montevideo
MSP24-034,FAC-LEGACY-MSP24-034-032CEC2AB776551D,602,mapped,exact_id,1,ELP-0494,Montevideo
MSP24-035,FAC-LEGACY-MSP24-035-BCBE6659B4942DBE,603,mapped,exact_id,1,,Montevideo
MSP24-036,FAC-LEGACY-MSP24-036-5CD5FC003B0C979A,604,mapped,exact_id,1,,Montevideo
MSP24-037,FAC-LEGACY-MSP24-037-C1459532DE226F02,605,mapped,exact_id,1,,Montevideo
MSP24-038,FAC-LEGACY-MSP24-038-EF27E2634E365AAF,606,mapped,exact_id,1,ELP-0295,Montevideo
MSP24-039,FAC-LEGACY-MSP24-039-14C040C48BA310DB,607,mapped,exact_id,1,,Montevideo
MSP24-040,FAC-LEGACY-MSP24-040-FA220213DC3B6FAD,608,mapped,exact_id,1,,Montevideo
MSP24-041,FAC-LEGACY-MSP24-041-25544A83B648E4BA,609,mapped,exact_id,1,ELP-0681,Montevideo
MSP24-042,FAC-LEGACY-MSP24-042-5D26034E038A7BC6,610,mapped,exact_id,1,ELP-0518,Montevideo
MSP24-043,FAC-LEGACY-MSP24-043-F296BAA525093376,611,mapped,exact_id,1,ELP-0280,Montevideo
MSP24-044,FAC-LEGACY-MSP24-044-83322A666C272E22,612,mapped,exact_id,1,,Montevideo
MSP24-045,FAC-LEGACY-MSP24-045-5CD64EA754FC2E3A,613,mapped,exact_id,1,,Montevideo
MSP24-046,FAC-LEGACY-MSP24-046-D297BCD57B98CBAE,614,mapped,exact_id,1,ELP-0451,Montevideo
MSP24-047,FAC-LEGACY-MSP24-047-0905A202132ED4B2,615,mapped,exact_id,1,ELP-0646,Montevideo
MSP24-048,FAC-LEGACY-MSP24-048-C43C5C936F750703,616,mapped,exact_id,1,ELP-0303,Montevideo
MSP24-049,FAC-LEGACY-MSP24-049-61E880CE46578315,617,mapped,exact_id,1,ELP-0480,Montevideo
MSP24-050,FAC-LEGACY-MSP24-050-E69311E81118A1FB,618,mapped,exact_id,1,ELP-0522,Montevideo
MSP24-051,FAC-LEGACY-MSP24-051-105DDB470E6947FA,619,mapped,exact_id,1,,Montevideo
MSP24-052,FAC-LEGACY-MSP24-052-C90ADB7C6B515FFB,620,mapped,exact_id,1,ELP-0703,Montevideo
MSP24-053,FAC-LEGACY-MSP24-053-BFFD96ACFA7A2B38,621,mapped,exact_id,1,ELP-0447,Montevideo
MSP24-054,FAC-LEGACY-MSP24-054-1F55BAF0A5A7AF4D,622,mapped,exact_id,1,,Montevideo
MSP24-055,FAC-LEGACY-MSP24-055-E621D275C1BBB860,623,mapped,exact_id,1,ELP-0440,Montevideo
MSP24-056,FAC-LEGACY-MSP24-056-B178BB18D24ADF7A,624,mapped,exact_id,1,,Montevideo
MSP24-057,FAC-LEGACY-MSP24-057-3E1B5095852841CB,625,mapped,exact_id,1,,Montevideo
MSP24-058,FAC-LEGACY-MSP24-058-1ADEE24A9F301052,626,mapped,exact_id,1,,Montevideo
MSP24-059,FAC-LEGACY-MSP24-059-B490BC90DFB4E82B,627,mapped,exact_id,1,,Montevideo
MSP24-060,FAC-LEGACY-MSP24-060-2F6A9CE7CDDDE4F2,628,mapped,exact_id,1,ELP-0691,Montevideo
MSP24-061,FAC-LEGACY-MSP24-061-31302148B63DA6AC,629,mapped,exact_id,1,,Montevideo
MSP24-062,FAC-LEGACY-MSP24-062-C91BAC24A86BB575,630,mapped,exact_id,1,ELP-0403,Montevideo
MSP24-063,FAC-LEGACY-MSP24-063-431A57ADF257AD85,631,mapped,exact_id,1,,Montevideo
MSP24-064,FAC-LEGACY-MSP24-064-F1148D1EB95D66E5,632,mapped,exact_id,1,ELP-0510,Montevideo
MSP24-065,FAC-LEGACY-MSP24-065-74002DF2A7730A5B,633,mapped,exact_id,1,,Montevideo
MSP24-066,FAC-LEGACY-MSP24-066-A8E51F7AFA9F0366,634,mapped,exact_id,1,ELP-0655,Montevideo
MSP24-067,FAC-LEGACY-MSP24-067-11D2A9934CD5D0EC,635,mapped,exact_id,1,ELP-0686,Montevideo
MSP24-068,FAC-LEGACY-MSP24-068-7F9F5C6151599A13,636,mapped,exact_id,1,ELP-0478,Montevideo
MSP24-069,FAC-LEGACY-MSP24-069-D4E9A980E5EB1D58,637,mapped,exact_id,1,ELP-0503,Montevideo
MSP24-070,FAC-LEGACY-MSP24-070-E6D2D10FE73A320E,638,mapped,exact_id,1,ELP-0468,Montevideo
MSP24-071,FAC-LEGACY-MSP24-071-E030B255C45270E7,639,mapped,exact_id,1,,Montevideo
MSP24-072,FAC-LEGACY-MSP24-072-811E25FC964E9DA9,640,mapped,exact_id,1,ELP-0507,Montevideo
MSP24-073,FAC-LEGACY-MSP24-073-04B3F059079E2500,641,mapped,exact_id,1,ELP-0501,Montevideo
MSP24-074,FAC-LEGACY-MSP24-074-1F6A59DB4CB83E73,642,mapped,exact_id,1,ELP-0374,Montevideo
MSP24-075,FAC-LEGACY-MSP24-075-78A678B276254CC3,643,mapped,exact_id,1,,Montevideo
MSP24-076,FAC-LEGACY-MSP24-076-EE09F6B6D2F6453C,644,mapped,exact_id,1,ELP-0378,Montevideo
MSP24-077,FAC-LEGACY-MSP24-077-0C5DC5C70929F1A3,645,mapped,exact_id,1,,Montevideo
MSP24-078,FAC-LEGACY-MSP24-078-2FF7FE1EDEDC6DB9,646,mapped,exact_id,1,ELP-0656,Montevideo
MSP24-079,FAC-LEGACY-MSP24-079-E6EAD45FBD280DDD,647,mapped,exact_id,1,,Montevideo
MSP24-080,FAC-LEGACY-MSP24-080-D81556CAB4920CBF,648,mapped,exact_id,1,ELP-0661,Montevideo
MSP24-081,FAC-LEGACY-MSP24-081-8371836BFC6FD057,649,mapped,exact_id,1,,Montevideo
MSP24-082,FAC-LEGACY-MSP24-082-06F75864F65EC956,650,mapped,exact_id,1,ELP-0546,Montevideo
MSP24-083,FAC-LEGACY-MSP24-083-1F0DE2A8DE239013,651,mapped,exact_id,1,ELP-0376|ELP-0593,Montevideo
MSP24-084,FAC-LEGACY-MSP24-084-8800A6DB6AC6EBAE,652,mapped,exact_id,1,ELP-0367,Montevideo
MSP24-085,FAC-LEGACY-MSP24-085-7C4C049CDF8FDDBE,653,mapped,exact_id,1,,Montevideo
MSP24-086,FAC-LEGACY-MSP24-086-5EDD21227DF5C42D,654,mapped,exact_id,1,ELP-0536,Montevideo
MSP24-087,FAC-LEGACY-MSP24-087-9C51F0B196BA6EDB,655,mapped,exact_id,1,,Montevideo
MSP24-088,FAC-LEGACY-MSP24-088-9481A2619E4C0497,656,mapped,exact_id,1,,Montevideo
MSP24-089,FAC-LEGACY-MSP24-089-2F5FCE712661F566,657,mapped,exact_id,1,ELP-0390,Montevideo
MSP24-090,FAC-LEGACY-MSP24-090-4A11510FD602BB26,658,mapped,exact_id,1,,Montevideo
MSP24-091,FAC-LEGACY-MSP24-091-E17E6DFD5631F47F,659,mapped,exact_id,1,ELP-0552,Montevideo
MSP24-092,FAC-LEGACY-MSP24-092-5736EEE98A7F1D02,660,mapped,exact_id,1,,Montevideo
MSP24-093,FAC-LEGACY-MSP24-093-A21C6ADBDD8C5FFC,661,mapped,exact_id,1,,Montevideo
MSP24-094,FAC-LEGACY-MSP24-094-C05D562E40AF2EDC,662,mapped,exact_id,1,,Montevideo
MSP24-095,FAC-LEGACY-MSP24-095-0738C046E5B038A7,663,mapped,exact_id,1,ELP-0489,Montevideo
MSP24-096,FAC-LEGACY-MSP24-096-12CFE6D3211FC604,664,mapped,exact_id,1,ELP-0309,Montevideo
MSP24-097,FAC-LEGACY-MSP24-097-5F0573FDE12B4F4B,665,mapped,exact_id,1,ELP-0415|ELP-0484,Montevideo
MSP24-098,FAC-LEGACY-MSP24-098-97FB0A9C9768DBA8,666,mapped,exact_id,1,ELP-0395,Montevideo
MSP24-099,FAC-LEGACY-MSP24-099-85E0EA134D40834A,667,mapped,exact_id,1,ELP-0561,Montevideo
MSP24-100,FAC-LEGACY-MSP24-100-1FD8787EF4D4C69D,668,mapped,exact_id,1,,Montevideo
MSP24-101,FAC-LEGACY-MSP24-101-FF14167DE934502F,669,mapped,exact_id,1,,Montevideo
MSP24-102,FAC-LEGACY-MSP24-102-19A8C6892BD2A3C5,670,mapped,exact_id,1,ELP-0492,Montevideo
MSP24-103,FAC-LEGACY-MSP24-103-22AFABAB94253884,671,mapped,exact_id,1,,Montevideo
MSP24-104,FAC-LEGACY-MSP24-104-0C4180EE278FF7BC,672,mapped,exact_id,1,,Montevideo
MSP24-105,FAC-LEGACY-MSP24-105-9D22EB27123FBAD1,673,mapped,exact_id,1,,Montevideo
MSP24-106,FAC-LEGACY-MSP24-106-C430CE227A5CCA37,674,mapped,exact_id,1,,Montevideo
MSP24-107,FAC-LEGACY-MSP24-107-C93B1881ABD34766,675,mapped,exact_id,1,,Montevideo
MSP24-108,FAC-LEGACY-MSP24-108-E4E9E88C2484768E,676,mapped,exact_id,1,ELP-0453,Montevideo
MSP24-109,FAC-LEGACY-MSP24-109-62B585A8A99437D0,677,mapped,exact_id,1,,Montevideo
MSP24-110,FAC-LEGACY-MSP24-110-0B51FA48EDCD85C6,678,mapped,exact_id,1,,Montevideo
MSP24-111,FAC-LEGACY-MSP24-111-D0D05002AAEC40A3,679,mapped,exact_id,1,,Montevideo
MSP24-112,FAC-LEGACY-MSP24-112-F4748E33606BE13E,680,mapped,exact_id,1,,Montevideo
MSP24-113,FAC-LEGACY-MSP24-113-9E135D5A88992368,681,mapped,exact_id,1,,Montevideo
MSP24-114,FAC-LEGACY-MSP24-114-182276A521299E2B,682,mapped,exact_id,1,ELP-0407,Montevideo
MSP24-115,FAC-LEGACY-MSP24-115-2656DC80B95FB56C,683,mapped,exact_id,1,,Montevideo
MSP24-116,FAC-LEGACY-MSP24-116-4E3543F7B42116F8,684,mapped,exact_id,1,,Montevideo
MSP24-117,FAC-LEGACY-MSP24-117-3DF44497DB30DD5E,685,mapped,exact_id,1,ELP-0421,Montevideo
MSP24-118,FAC-LEGACY-MSP24-118-9B1D3C0D6EFA5B22,686,mapped,exact_id,1,,Montevideo
MSP24-119,FAC-LEGACY-MSP24-119-9B8936041627F79F,687,mapped,exact_id,1,ELP-0386,Montevideo
MSP24-120,FAC-LEGACY-MSP24-120-047C1A8B299A5AC4,688,mapped,exact_id,1,,Montevideo
MSP24-121,FAC-LEGACY-MSP24-121-94F1B1B61BD03B6E,689,mapped,exact_id,1,ELP-0432,Montevideo
MSP24-122,FAC-LEGACY-MSP24-122-3FAEB5AFF2453D44,690,mapped,exact_id,1,ELP-0511,Montevideo
MSP24-123,FAC-LEGACY-MSP24-123-448E633E313E8E94,691,mapped,exact_id,1,ELP-0399,Montevideo
MSP24-124,FAC-LEGACY-MSP24-124-09C27508D8F271DA,692,mapped,exact_id,1,ELP-0306,Montevideo
MSP24-125,FAC-LEGACY-MSP24-125-8D81AE0237C91BD7,693,mapped,exact_id,1,ELP-0400,Montevideo
MSP24-126,FAC-LEGACY-MSP24-126-69FF132EE6096508,694,mapped,exact_id,1,,Montevideo
MSP24-127,FAC-LEGACY-MSP24-127-F558E4970A6AC9D9,695,mapped,exact_id,1,ELP-0344,Montevideo
MSP24-128,FAC-LEGACY-MSP24-128-0077C3F2BA4412D2,696,mapped,exact_id,1,,Montevideo
MSP24-129,FAC-LEGACY-MSP24-129-D669E149728BE4D7,697,mapped,exact_id,1,ELP-0500,Montevideo
MSP24-130,FAC-LEGACY-MSP24-130-6724E4E79ACBAFED,698,mapped,exact_id,1,ELP-0428,Montevideo
MSP24-131,FAC-LEGACY-MSP24-131-CD87F79BBD0D09F3,699,mapped,exact_id,1,ELP-0532,Montevideo
MSP24-132,FAC-LEGACY-MSP24-132-A5E4A5B062506CC2,700,mapped,exact_id,1,,Montevideo
MSP24-133,FAC-LEGACY-MSP24-133-86CE111BD6D1B1E8,701,mapped,exact_id,1,ELP-0449,Montevideo
MSP24-134,FAC-LEGACY-MSP24-134-83B90547E9CE0C7C,702,mapped,exact_id,1,,Montevideo
MSP24-135,FAC-LEGACY-MSP24-135-74512E86EA4C32B8,703,mapped,exact_id,1,,Montevideo
MSP24-136,FAC-LEGACY-MSP24-136-65145E1D19E1A66D,704,mapped,exact_id,1,ELP-0417,Montevideo
MSP24-137,FAC-LEGACY-MSP24-137-B135EC1059C0FF1A,705,mapped,exact_id,1,,Montevideo
MSP24-138,FAC-LEGACY-MSP24-138-74E69D7E38521818,706,mapped,exact_id,1,,Montevideo
MSP24-139,FAC-LEGACY-MSP24-139-955EF34FE1502141,707,mapped,exact_id,1,ELP-0566,Montevideo
MSP24-140,FAC-LEGACY-MSP24-140-23D9C2FA981CDB8F,708,mapped,exact_id,1,,Montevideo
MSP24-141,FAC-LEGACY-MSP24-141-17E9A43582091406,709,mapped,exact_id,1,ELP-0359,Montevideo
MSP24-142,FAC-LEGACY-MSP24-142-9CC510C8E4A219CB,710,mapped,exact_id,1,,Montevideo
MSP24-143,FAC-LEGACY-MSP24-143-1B5AC615C15B8150,711,mapped,exact_id,1,ELP-0373,Montevideo
MSP24-144,FAC-LEGACY-MSP24-144-3144A3F62E200A55,712,mapped,exact_id,1,ELP-0291,Montevideo
MSP24-145,FAC-LEGACY-MSP24-145-48D24F7C9B1A2EE7,713,mapped,exact_id,1,,Montevideo
MSP24-146,FAC-LEGACY-MSP24-146-C32616613036BC2F,714,mapped,exact_id,1,ELP-0506,Montevideo
MSP24-147,FAC-LEGACY-MSP24-147-D629BDB9DE5E1245,715,mapped,exact_id,1,ELP-0641,Montevideo
MSP24-148,FAC-LEGACY-MSP24-148-B5BAD05FD79A26F5,716,mapped,exact_id,1,,Montevideo
MSP24-149,FAC-LEGACY-MSP24-149-5C71D8E69F960B72,717,mapped,exact_id,1,ELP-0454,Montevideo
MSP24-150,FAC-LEGACY-MSP24-150-2A83FDB194491D4E,718,mapped,exact_id,1,ELP-0409|ELP-0411,Montevideo
MSP24-151,FAC-LEGACY-MSP24-151-09DCBE65FA25E35D,719,mapped,exact_id,1,,Montevideo
MSP24-152,FAC-LEGACY-MSP24-152-D08DF429E7D890D3,720,mapped,exact_id,1,ELP-0672,Montevideo
MSP24-153,FAC-LEGACY-MSP24-153-9893F989041A799F,721,mapped,exact_id,1,ELP-0653,Montevideo
MSP24-154,FAC-LEGACY-MSP24-154-84B4CB16C17B0B52,722,mapped,exact_id,1,,Montevideo
MSP24-155,FAC-LEGACY-MSP24-155-5286297DD6B22692,723,mapped,exact_id,1,,Montevideo
MSP24-156,FAC-LEGACY-MSP24-156-A76AE0F7AE5DB6C1,724,mapped,exact_id,1,ELP-0325,Montevideo
MSP24-157,FAC-LEGACY-MSP24-157-49D0130C706DBF47,725,mapped,exact_id,1,ELP-0482,Montevideo
MSP24-158,FAC-LEGACY-MSP24-158-20EB90AA4AC20624,726,mapped,exact_id,1,,Montevideo
MSP24-159,FAC-LEGACY-MSP24-159-40CD2AF0948F8BCD,727,mapped,exact_id,1,,Montevideo
MSP24-160,FAC-LEGACY-MSP24-160-94BD11C3649DBA7B,728,mapped,exact_id,1,ELP-0557,Montevideo
MSP24-161,FAC-LEGACY-MSP24-161-7F284E6E017823E0,729,mapped,exact_id,1,,Montevideo
MSP24-162,FAC-LEGACY-MSP24-162-3442EB95E4B69D52,730,mapped,exact_id,1,ELP-0300,Montevideo
MSP24-163,FAC-LEGACY-MSP24-163-E9E75F95BD0A8370,731,mapped,exact_id,1,ELP-0476,Montevideo
MSP24-164,FAC-LEGACY-MSP24-164-AEEDA28F5E079E45,732,mapped,exact_id,1,,Montevideo
MSP24-165,FAC-LEGACY-MSP24-165-FE59DF82200AF31F,733,mapped,exact_id,1,ELP-0370,Montevideo
MSP24-166,FAC-LEGACY-MSP24-166-385A3FED68F2D9DF,734,mapped,exact_id,1,,Canelones
MSP24-167,FAC-LEGACY-MSP24-167-AC35210625FE2694,735,mapped,exact_id,1,,Canelones
MSP24-168,FAC-LEGACY-MSP24-168-417BC7C33AFFB8F6,736,mapped,exact_id,1,ELP-0067,Canelones
MSP24-169,FAC-LEGACY-MSP24-169-E9DA0C1CBF11911B,737,mapped,exact_id,1,,Canelones
MSP24-170,FAC-LEGACY-MSP24-170-B1591D79C0ADFBE3,738,mapped,exact_id,1,,Canelones
MSP24-171,FAC-LEGACY-MSP24-171-A9D36E8D4CC37886,739,mapped,exact_id,1,ELP-0119,Colonia
MSP24-172,FAC-LEGACY-MSP24-172-F7F6ADF3F9D2B2A1,740,mapped,exact_id,1,ELP-0103,Colonia
MSP24-173,FAC-LEGACY-MSP24-173-EA9E02947A62FFFB,741,mapped,exact_id,1,ELP-0128|ELP-0129|ELP-0130,Colonia
MSP24-174,FAC-LEGACY-MSP24-174-59F2EB2E04B1A3CB,742,mapped,exact_id,1,ELP-0124,Colonia
MSP24-175,FAC-LEGACY-MSP24-175-C2CF644275FD0B9B,743,mapped,exact_id,1,ELP-0121,Colonia
MSP24-176,FAC-LEGACY-MSP24-176-94333E846CB0216E,744,mapped,exact_id,1,,Colonia
MSP24-177,FAC-LEGACY-MSP24-177-B5B1D701750DE28F,745,mapped,exact_id,1,ELP-0114,Colonia
MSP24-178,FAC-LEGACY-MSP24-178-4DF69FF5EC0DF23E,746,mapped,exact_id,1,ELP-0115,Colonia
MSP24-179,FAC-LEGACY-MSP24-179-66D4323AD735D24C,747,mapped,exact_id,1,ELP-0106,Colonia
MSP24-180,FAC-LEGACY-MSP24-180-44F328CE4EEAC11B,748,mapped,exact_id,1,,Colonia
MSP24-181,FAC-LEGACY-MSP24-181-FF88636802664DF1,749,mapped,exact_id,1,ELP-0104,Colonia
MSP24-182,FAC-LEGACY-MSP24-182-FD74056743CFC1D6,750,mapped,exact_id,1,ELP-0117|ELP-0118,Colonia
MSP24-183,FAC-LEGACY-MSP24-183-4B0AC4B60E7C4517,751,mapped,exact_id,1,,Durazno
MSP24-184,FAC-LEGACY-MSP24-184-69BB2C5BE8122BDC,752,mapped,exact_id,1,ELP-0169,Flores
MSP24-185,FAC-LEGACY-MSP24-185-074BA78BC0039AEB,753,mapped,exact_id,1,ELP-0167,Flores
MSP24-186,FAC-LEGACY-MSP24-186-8E26478B2DFA9414,754,mapped,exact_id,1,ELP-0180,Florida
MSP24-187,FAC-LEGACY-MSP24-187-78C710CE68959902,755,mapped,exact_id,1,,Maldonado
MSP24-188,FAC-LEGACY-MSP24-188-9A9C318C6FCD8DF4,756,mapped,exact_id,1,ELP-0229|ELP-0230,Maldonado
MSP24-189,FAC-LEGACY-MSP24-189-6522B0078B702068,757,mapped,exact_id,1,,Maldonado
MSP24-190,FAC-LEGACY-MSP24-190-7D215B4076C03E75,758,mapped,exact_id,1,ELP-0220|ELP-0221,Maldonado
MSP24-191,FAC-LEGACY-MSP24-191-7113CCB17C3085F6,759,mapped,exact_id,1,,Maldonado
MSP24-192,FAC-LEGACY-MSP24-192-7672139F5E197822,760,mapped,exact_id,1,ELP-0714|ELP-0722,Paysandú
MSP24-193,FAC-LEGACY-MSP24-193-F1045A47FC4F30A5,761,mapped,exact_id,1,ELP-0712|ELP-0713,Paysandú
MSP24-194,FAC-LEGACY-MSP24-194-D458D1A0B878D49B,762,mapped,exact_id,1,,Paysandú
MSP24-195,FAC-LEGACY-MSP24-195-E8533DF249438374,763,mapped,exact_id,1,ELP-0734,Río Negro
MSP24-196,FAC-LEGACY-MSP24-196-5B8808B1D7B6582C,764,mapped,exact_id,1,,Salto
MSP24-197,FAC-LEGACY-MSP24-197-BE65A63206C8AB1A,765,mapped,exact_id,1,ELP-0738,Salto
MSP24-198,FAC-LEGACY-MSP24-198-3594CDE104903FA4,766,mapped,exact_id,1,ELP-0750,Salto
MSP24-199,FAC-LEGACY-MSP24-199-A0A7AFDC814487A2,767,mapped,exact_id,1,ELP-0771|ELP-0774,San José
MSP24-200,FAC-LEGACY-MSP24-200-76F715192040320B,768,mapped,exact_id,1,,San José
MSP24-201,FAC-LEGACY-MSP24-201-9FB845559584A1B7,769,mapped,exact_id,1,ELP-0768,San José
MSP24-202,FAC-LEGACY-MSP24-202-BF615AA2395EF852,770,mapped,exact_id,1,ELP-0755,San José
MSP24-203,FAC-LEGACY-MSP24-203-9DB1F19E4051E2A3,771,mapped,exact_id,1,,Soriano
MSP24-204,FAC-LEGACY-MSP24-204-21AA3DC01037F8B2,772,mapped,exact_id,1,ELP-0788|ELP-0789,Soriano
MSP24-205,FAC-LEGACY-MSP24-205-8F343B798510A103,773,mapped,exact_id,1,,Lavalleja
MSP24-206,FAC-LEGACY-MSP24-206-E21BFE5ECEA36079,774,mapped,exact_id,1,ELP-0199,Lavalleja
MSP24-207,FAC-LEGACY-MSP24-207-7DD48E1DD175E35A,775,mapped,exact_id,1,ELP-0100,Cerro Largo
MSPREG24-001,FAC-LEGACY-MSPREG24-001-E5F67F90657E73B5,776,mapped,exact_id,1,ELP-0725,Rivera
MSPREG24-002,FAC-LEGACY-MSPREG24-002-F9312E9783052983,777,mapped,exact_id,1,,Montevideo
MSPREG24-003,FAC-LEGACY-MSPREG24-003-59CCE09A5FD4A0CD,778,mapped,exact_id,1,ELP-0351,Montevideo
MSPREG24-004,FAC-LEGACY-MSPREG24-004-FE40E1FE134DF1DF,779,mapped,exact_id,1,ELP-0540,Montevideo
MSPREG24-005,FAC-LEGACY-MSPREG24-005-A5DDB0ACEAFFF7A0,780,mapped,exact_id,1,,Montevideo
MSPREG24-006,FAC-LEGACY-MSPREG24-006-B6842049BED07479,781,mapped,exact_id,1,ELP-0307,Montevideo
MSPREG24-007,FAC-LEGACY-MSPREG24-007-76DC7F8CACFD1C05,782,mapped,exact_id,1,,Montevideo
MSPREG24-009,FAC-LEGACY-MSPREG24-009-041B33BA57DF254C,783,mapped,exact_id,1,ELP-0702,Montevideo
MSPREG24-010,FAC-LEGACY-MSPREG24-010-6FAD9447558DB67B,784,mapped,exact_id,1,ELP-0693,Montevideo
MSPREG24-011,FAC-LEGACY-MSPREG24-011-2EFD0C69BF4289F6,785,mapped,exact_id,1,,Montevideo
MSPREG24-012,FAC-LEGACY-MSPREG24-012-F1E0950A9E83CD40,786,mapped,exact_id,1,,Canelones
MSPREG24-013,FAC-LEGACY-MSPREG24-013-6BD2A843D798B064,787,mapped,exact_id,1,,Canelones
MSPREG24-014,FAC-LEGACY-MSPREG24-014-05C411B012994DFC,788,mapped,exact_id,1,,Canelones
MSPREG24-015,FAC-LEGACY-MSPREG24-015-39CFDA4DDA2682F2,789,mapped,exact_id,1,,Cerro Largo
MSPREG24-016,FAC-LEGACY-MSPREG24-016-D538DF4A5D2798AF,790,mapped,exact_id,1,,Colonia
MSPREG24-017,FAC-LEGACY-MSPREG24-017-88F1FECBEB3DE422,791,mapped,exact_id,1,,Colonia
MSPREG24-018,FAC-LEGACY-MSPREG24-018-743AD467F25D2C55,792,mapped,exact_id,1,ELP-0185,Florida
MSPREG24-019,FAC-LEGACY-MSPREG24-019-8A5A5314D4EC4DE3,793,mapped,exact_id,1,ELP-0197,Florida
MSPREG24-020,FAC-LEGACY-MSPREG24-020-4F6AB834CD8389B3,794,mapped,exact_id,1,,Soriano
MSPREG24-021,FAC-LEGACY-MSPREG24-021-896C23D612C55E4B,795,mapped,exact_id,1,,Salto
MSPREG24-022,FAC-LEGACY-MSPREG24-022-E7D96774002BE9D9,796,mapped,exact_id,1,,Maldonado
MSPREG24-023,FAC-LEGACY-MSPREG24-023-AD4C16FB05D98E77,797,mapped,exact_id,1,,Río Negro
MSPREG24-024,FAC-LEGACY-MSPREG24-024-F409C21389CAE748,798,mapped,exact_id,1,,Lavalleja
MSPREG24-025,FAC-LEGACY-MSPREG24-025-F762A2AD9BFF55D8,799,mapped,exact_id,1,ELP-0715,Paysandú
MSPREG24-026,FAC-LEGACY-MSPREG24-026-F805686553BDBED3,800,mapped,exact_id,1,,Paysandú
MSPREG24-027,FAC-LEGACY-MSPREG24-027-266A897E8E17EC89,801,mapped,exact_id,1,,San José
MSPREG24-028,FAC-LEGACY-MSPREG24-028-95BCF45A318887B2,802,mapped,exact_id,1,,Durazno
