conflict_id,conflict_type,legacy_residencial_id,official_entity_id,department,detail,requires_human_review,resolution
CONFLICT-08d8c60fc5086ffa,excluded_contaminated_source,,ELP-0085,Canelones,extracción PDF concatenada: nombre y dirección mezclan decenas de filas,true,No importado al modelo canónico.
CONFLICT-2b75972b25e0c5bb,excluded_contaminated_source,,ELP-0181,Florida,agrupación de origen defectuosa: mezcla ELP-0180 y ELP-0182,true,No importado al modelo canónico.
CONFLICT-246b94eb53a29a92,split_multivalue_contact,ELP-0002,ELP-0002,Artigas,phone: 2 valores separados conservadoramente,true,Cada valor fue almacenado en una fila; confirmar vigencia.
CONFLICT-dbc83e44199d8092,split_multivalue_contact,ELP-0028,ELP-0028,Canelones,phone: 2 valores separados conservadoramente,true,Cada valor fue almacenado en una fila; confirmar vigencia.
CONFLICT-d288cc21885282a8,split_multivalue_contact,ELP-0032,ELP-0032,Canelones,phone: 2 valores separados conservadoramente,true,Cada valor fue almacenado en una fila; confirmar vigencia.
CONFLICT-953fdd18d7aa3e65,split_multivalue_contact,ELP-0188,ELP-0188,Florida,phone: 2 valores separados conservadoramente,true,Cada valor fue almacenado en una fila; confirmar vigencia.
CONFLICT-69bb5ec44878125f,split_multivalue_contact,ELP-0198,ELP-0198,Lavalleja,phone: 2 valores separados conservadoramente,true,Cada valor fue almacenado en una fila; confirmar vigencia.
CONFLICT-a07e31a79c4cfdf5,split_multivalue_contact,ELP-0756,ELP-0756,San José,phone: 2 valores separados conservadoramente,true,Cada valor fue almacenado en una fila; confirmar vigencia.
CONFLICT-247ba214693e2c99,split_multivalue_contact,ELP-0797,ELP-0797,Soriano,phone: 2 valores separados conservadoramente,true,Cada valor fue almacenado en una fila; confirmar vigencia.
CONFLICT-c33a5e2dee4343c5,split_multivalue_contact,MSP24-043,ELP-0280,Montevideo,phone: 2 valores separados conservadoramente,true,Cada valor fue almacenado en una fila; confirmar vigencia.
CONFLICT-63b39445419ea333,address_difference,MSP24-067,ELP-0686,Montevideo,La dirección heredada difiere de la agrupación oficial vinculada.,true,Se conserva la dirección heredada como actual; la oficial permanece en la observación.
CONFLICT-9b9dff3fb0158466,split_multivalue_contact,MSP24-078,ELP-0656,Montevideo,phone: 2 valores separados conservadoramente,true,Cada valor fue almacenado en una fila; confirmar vigencia.
CONFLICT-24d0f564e1450598,address_difference,MSP24-097,ELP-0484,Montevideo,La dirección heredada difiere de la agrupación oficial vinculada.,true,Se conserva la dirección heredada como actual; la oficial permanece en la observación.
CONFLICT-05e91e8b295d4148,address_difference,MSP24-117,ELP-0421,Montevideo,La dirección heredada difiere de la agrupación oficial vinculada.,true,Se conserva la dirección heredada como actual; la oficial permanece en la observación.
CONFLICT-1bab9bf011370f44,address_difference,MSP24-168,ELP-0067,Canelones,La dirección heredada difiere de la agrupación oficial vinculada.,true,Se conserva la dirección heredada como actual; la oficial permanece en la observación.
CONFLICT-a172a74a890ffd53,address_difference,MSP24-177,ELP-0114,Colonia,La dirección heredada difiere de la agrupación oficial vinculada.,true,Se conserva la dirección heredada como actual; la oficial permanece en la observación.
CONFLICT-5592663dba4043ad,address_difference,MSP24-178,ELP-0115,Colonia,La dirección heredada difiere de la agrupación oficial vinculada.,true,Se conserva la dirección heredada como actual; la oficial permanece en la observación.
CONFLICT-c03c0d37dd28f81a,address_difference,MSP24-179,ELP-0106,Colonia,La dirección heredada difiere de la agrupación oficial vinculada.,true,Se conserva la dirección heredada como actual; la oficial permanece en la observación.
CONFLICT-147cca2e1e9c6303,split_multivalue_contact,MSP24-179,ELP-0106,Colonia,phone: 2 valores separados conservadoramente,true,Cada valor fue almacenado en una fila; confirmar vigencia.
CONFLICT-7acb86db879b3c77,split_multivalue_contact,MSP24-181,ELP-0104,Colonia,phone: 2 valores separados conservadoramente,true,Cada valor fue almacenado en una fila; confirmar vigencia.
CONFLICT-b546a18d2e74e1b9,address_difference,MSP24-182,ELP-0118,Colonia,La dirección heredada difiere de la agrupación oficial vinculada.,true,Se conserva la dirección heredada como actual; la oficial permanece en la observación.
CONFLICT-447d3214d7385f35,address_difference,MSP24-186,ELP-0180,Florida,La dirección heredada difiere de la agrupación oficial vinculada.,true,Se conserva la dirección heredada como actual; la oficial permanece en la observación.
CONFLICT-02ddf8faf81c50bb,address_difference,MSP24-188,ELP-0229,Maldonado,La dirección heredada difiere de la agrupación oficial vinculada.,true,Se conserva la dirección heredada como actual; la oficial permanece en la observación.
CONFLICT-9d5fc9c4ea2490cd,split_multivalue_contact,MSP24-193,ELP-0713,Paysandú,phone: 2 valores separados conservadoramente,true,Cada valor fue almacenado en una fila; confirmar vigencia.
CONFLICT-041f3c7a695a548f,address_difference,MSP24-195,ELP-0734,Río Negro,La dirección heredada difiere de la agrupación oficial vinculada.,true,Se conserva la dirección heredada como actual; la oficial permanece en la observación.
CONFLICT-7cb5f2a8c6a31f1d,split_multivalue_contact,MSP24-195,ELP-0734,Río Negro,phone: 2 valores separados conservadoramente,true,Cada valor fue almacenado en una fila; confirmar vigencia.
CONFLICT-ce4f69760cf0a647,split_multivalue_contact,MSP24-197,ELP-0738,Salto,phone: 2 valores separados conservadoramente,true,Cada valor fue almacenado en una fila; confirmar vigencia.
CONFLICT-2583886d4bd18b38,split_multivalue_contact,MSP24-198,ELP-0750,Salto,phone: 2 valores separados conservadoramente,true,Cada valor fue almacenado en una fila; confirmar vigencia.
CONFLICT-515e7f33a8f4af5a,address_difference,MSP24-199,ELP-0774,San José,La dirección heredada difiere de la agrupación oficial vinculada.,true,Se conserva la dirección heredada como actual; la oficial permanece en la observación.
CONFLICT-2a3ac8eeba4b8998,address_difference,MSP24-201,ELP-0768,San José,La dirección heredada difiere de la agrupación oficial vinculada.,true,Se conserva la dirección heredada como actual; la oficial permanece en la observación.
CONFLICT-0b110b1257feb280,address_difference,MSP24-202,ELP-0755,San José,La dirección heredada difiere de la agrupación oficial vinculada.,true,Se conserva la dirección heredada como actual; la oficial permanece en la observación.
CONFLICT-377077c9dc7b8eda,split_multivalue_contact,MSP24-202,ELP-0755,San José,phone: 2 valores separados conservadoramente,true,Cada valor fue almacenado en una fila; confirmar vigencia.
CONFLICT-1a5c0d3040c5d1bc,address_difference,MSP24-204,ELP-0788,Soriano,La dirección heredada difiere de la agrupación oficial vinculada.,true,Se conserva la dirección heredada como actual; la oficial permanece en la observación.
CONFLICT-55ad3e76318556fd,address_difference,MSP24-207,ELP-0100,Cerro Largo,La dirección heredada difiere de la agrupación oficial vinculada.,true,Se conserva la dirección heredada como actual; la oficial permanece en la observación.
CONFLICT-88ac4bad9c728ff7,split_multivalue_contact,MSP24-207,ELP-0100,Cerro Largo,phone: 2 valores separados conservadoramente,true,Cada valor fue almacenado en una fila; confirmar vigencia.
CONFLICT-8d23b2b425f8e608,split_multivalue_contact,,ELP-0044,Canelones,phone: 2 valores separados conservadoramente,true,Cada valor fue almacenado en una fila; confirmar vigencia.
CONFLICT-946e32390c0fa1a0,split_multivalue_contact,,ELP-0165,Durazno,phone: 2 valores separados conservadoramente,true,Cada valor fue almacenado en una fila; confirmar vigencia.
CONFLICT-2001c523b8231097,split_multivalue_contact,,ELP-0227,Maldonado,phone: 2 valores separados conservadoramente,true,Cada valor fue almacenado en una fila; confirmar vigencia.
CONFLICT-4760d5dd25fd6d63,split_multivalue_contact,,ELP-0558,Montevideo,phone: 2 valores separados conservadoramente,true,Cada valor fue almacenado en una fila; confirmar vigencia.
CONFLICT-27d12ce4941d5a53,split_multivalue_contact,,ELP-0660,Montevideo,phone: 2 valores separados conservadoramente,true,Cada valor fue almacenado en una fila; confirmar vigencia.
CONFLICT-e7eccbc0231ec820,split_multivalue_contact,,ELP-0759,San José,phone: 2 valores separados conservadoramente,true,Cada valor fue almacenado en una fila; confirmar vigencia.
CONFLICT-a0d7f943f00d12c7,candidate_missing_location,,instagram:paysandu:bellanova,Paysandú,Candidato Paysandú sin dirección completo.,true,Permanece privado con nivel C.
CONFLICT-a9aea44f1126c20c,candidate_missing_location,,instagram:paysandu:casa-betel,Paysandú,Candidato Paysandú sin dirección completo.,true,Permanece privado con nivel C.
