candidate_key,observed_name,aliases,locality,sub_locality,address,address_precision,phones,instagram_url,facebook_url,classification,evidence_tier,review_status,administrative_status,current_activity_indicator,coordinate_status,map_action,deduplication_warnings,source_urls
public-web:artigas-city:residencial-oasis,Residencial Oasis,Residencia Oasis | Oasis,Artigas,,"Sarandí 538, entre Rincón y Treinta y Tres",door_number_with_cross_streets,091 682 947 | 098 777 582 | 4772 3662,https://www.instagram.com/residenciaoasis24/,,social_candidate,C,needs_deduplication_and_review,not_determined_by_social_sources,recent_public_activity_detected,needs_ide_geocoding,candidate_layer_after_deduplication_geocoding_and_human_review,"Compare normalized address, phones, aliases, current database and OSM candidates before insertion. | Do not infer habilitation, quality or irregularity from social media presence.",https://www.instagram.com/residenciaoasis24/ | https://www.instagram.com/p/DKUQcqUtVix/ | https://www.facebook.com/ANArtigasNoticias/posts/%EF%B8%8F-residencial-oasis-un-lugar-para-descansar-nos-orientamos-a-brindar-el-m%C3%A1ximo-c/913089236845637/
public-web:artigas-city:residencial-fenix,Residencial Fénix,Residencial Fenix | Fénix,Artigas,,Paraguay 440,door_number,092 304 204 | 092 848 946,https://www.instagram.com/residencialfenix.440/,https://www.facebook.com/61562066935516/,social_candidate,C,needs_deduplication_and_review,not_determined_by_social_sources,recent_public_activity_detected_in_2026,needs_ide_geocoding,candidate_layer_after_deduplication_geocoding_and_human_review,A historical news item concerns an unnamed establishment on Calle Paraguay; street coincidence is not identity evidence. | Never associate the unnamed historical event with Fénix without authoritative facility-level identification.,https://www.instagram.com/residencialfenix.440/ | https://www.instagram.com/p/DZxf9OVRYzA/ | https://www.facebook.com/61562066935516/
public-web:artigas-city:residencial-dulce-hogar,Residencial Dulce Hogar,Dulce Hogar,Artigas,,Manuel Oribe 374,door_number,091 982 603 | 4773 6134,,https://www.facebook.com/residencial.dulce.hogar/,social_candidate,C,needs_deduplication_and_rebrand_review,not_determined_by_social_or_directory_sources,public_page_and_directory_presence_detected,needs_ide_geocoding,candidate_layer_after_deduplication_geocoding_and_human_review,"Mobile 091 982 603 also appears in older public advertisements for Residencial Tulipanes. | Possible move, rebrand or operator relationship must be reviewed manually. | Do not merge Dulce Hogar and Tulipanes automatically and do not transfer historical claims between them.",https://www.facebook.com/residencial.dulce.hogar/ | https://1122.com.uy/local/residencial-dulce-hogar/LOC854020001 | https://www.instagram.com/p/C8cnCFfp4ne/
public-web:artigas-city:residencial-aurora,Residencial Aurora,Aurora Residencial del Adulto Mayor | Aurora,Artigas,,Esquina Bernabé Rivera y Diego Lamas,intersection,091 266 291,,,social_candidate,C,needs_deduplication_address_confirmation_and_review,not_determined_by_publicity_sources,repeated_recent_local_publicity_detected,needs_ide_intersection_geocoding_and_manual_confirmation,candidate_layer_after_deduplication_intersection_geocoding_and_human_review,Intersection addresses can geocode ambiguously; do not use a locality centroid. | Confirm the exact corner/building before producing a map marker.,https://www.facebook.com/EnterateTo/photos/est%C3%A1-en-artigas-residencial-aurora-el-residencial-del-adulto-mayor-bernab%C3%A9-river/1672496581088365/ | https://www.facebook.com/EnterateTo/posts/-aurora-residencial-del-adulto-mayor-lo-m%C3%A1s-querido-en-nuestras-manos-en-aurora-/1704834861187870/
public-web:artigas-city:residencial-anos-dorados,Residencial Años Dorados,Años Dorados,Artigas,,"Pasaje A 125, entre Misiones y Sarandí",door_number_with_cross_streets,098 591 111,,,social_candidate,C,needs_deduplication_and_review,not_determined_by_publicity_sources,repeated_public_ads_detected,needs_ide_geocoding,candidate_layer_after_deduplication_geocoding_and_human_review,"The name Años Dorados is generic and also appears in other departments. | Require department, locality, address and phone consistency; never match by name alone.",https://www.facebook.com/groups/2309237095886804/posts/4286609858149508/ | https://www.facebook.com/groups/2309237095886804/posts/4243481355795692/ | https://www.facebook.com/groups/1605796402970000/posts/4438482946367984/
public-web:artigas-city:hogar-de-ancianos-artigas,Hogar de Ancianos de Artigas,Hogar de Ancianos Artigas,Artigas,,Carlos María Ramírez s/n,street_without_door_number,4772 2222 | 2806 2619,,https://www.facebook.com/p/Hogar-De-Ancianos-Artigas-100064703767824/,current_nonprofit_candidate_with_historical_official_reference,B,deduplicate_and_verify_current_administrative_status,current_status_not_inferred; not_identified_in_current_final_or_social_lists_at_lookup,recent_institutional_and_public_activity_detected,needs_existing_match_or_ide_geocoding,link_to_existing_or_candidate_layer_after_deduplication_coordinate_verification_and_admin_review,Likely to exist in OSM or the current facility dataset; search by aliases and street before creating anything. | Historical official inclusion does not establish current final MSP authorization. | Absence from a public list at lookup does not prove closure or irregularity.,https://www.gub.uy/ministerio-desarrollo-social/etiqueta/otros/hogares-sin-fines-lucro | https://www.facebook.com/p/Hogar-De-Ancianos-Artigas-100064703767824/ | https://www.facebook.com/intendenciadepartamentalde.artigas/posts/se-entreg%C3%B3-equipamiento-al-hogar-de-ancianosla-intendencia-departamental-y-el-co/1066212193584907/ | https://www.facebook.com/ANArtigasNoticias/posts/hogar-de-ancianos-celebr%C3%B3-con-sus-33-residentes-el-d%C3%ADa-de-los-abuelos-y-de-los-f/1283791816442042/
public-web:artigas:baltasar-brum:hogar-don-martin,Hogar Don Martín,Hogar de Ancianos Don Martín | Hogar de Ancianos de Baltasar Brum,Baltasar Brum,,Nelson Cousin s/n,street_without_door_number,099 772 757 | 99352155 | 4776 2818 | 091 939 213,,https://www.facebook.com/p/Hogar-De-Ancianos-Baltasar-Brum-100086353638292/,probable_existing_official_match,A,deduplicate_against_existing_and_link_sources,current_final_msp_authorization,current_official_listing_and_recent_public_activity,use_existing_verified_coordinates_if_matched_otherwise_geocode,do_not_create_new_red_point_if_match_exists,"This should be matched to the official/current facility record, not inserted as a new social candidate. | Preserve differing phone observations by source instead of overwriting one with another.",https://www.gub.uy/ministerio-salud-publica/sites/ministerio-salud-publica/files/2026-06/ELEPEM%20HABILITADOS%20JUNIO%202026.pdf | https://www.gub.uy/ministerio-desarrollo-social/tramites-y-servicios/servicios/establecimientos-larga-estadia-para-personas-mayores-habilitados | https://www.gub.uy/ministerio-desarrollo-social/etiqueta/otros/artigas-establecimientos-larga-estadia-para-personas-mayores-certificado-social | https://www.facebook.com/p/Hogar-De-Ancianos-Baltasar-Brum-100086353638292/
public-web:artigas:bella-union-cuareim:hogar-elida-moreira,Hogar del Adulto Mayor Élida Moreira de Zambiazo,Hogar de Ancianos Élida Moreira de Zambiazo | Elida Moreira de Zambiazo | Elida Moreira de Zambiazzo | Elida Moreira de Zambiaso | Hogar de Ancianos de Bella Unión,Bella Unión,Cuareim,"Calle 10 s/n, Cuareim",street_without_door_number,4779 4340,,,probable_existing_official_match,A,deduplicate_against_existing_and_link_sources,current_social_certificate_in_habilitation_process; final_msp_authorization_not_identified_at_lookup,recent_community_and_public_activity_detected,use_existing_verified_coordinates_if_matched_otherwise_geocode,do_not_create_new_red_point_if_match_exists,Normalize several spelling variants of Élida/Elida and Zambiazo/Zambiazzo/Zambiaso. | Bella Unión and Cuareim may appear as locality/sub-locality variants for the same physical home. | A social certificate is not the same as final MSP authorization.,https://www.gub.uy/ministerio-desarrollo-social/etiqueta/otros/artigas-establecimientos-larga-estadia-para-personas-mayores-certificado-social | https://www.gub.uy/ministerio-desarrollo-social/etiqueta/otros/hogares-sin-fines-lucro | https://www.facebook.com/100055657215670/videos/acto-por-declaratoria-de-la-independencia-en-cuareimhogar-del-adulto-mayor-elida/776785457557123/ | https://www.instagram.com/p/DZiiDtdn4So/ | https://www.instagram.com/reel/DZyWFIXjvEz/
public-web:artigas-city:residencial-tulipanes-historical,Residencial Tulipanes,Tulipanes,Artigas,,Aparicio Saravia 125,historical_door_number,091 982 603 | 098 450 028,,,historical_or_moved_candidate,C,historical_move_or_rebrand_investigation,unknown_historical,no_current_facility_activity_confirmed_at_historical_address,do_not_geocode_for_current_map,review_queue_only_do_not_map_at_historical_address,"The same mobile appears in current Dulce Hogar sources; investigate a possible move, rebrand or operator link manually. | The historical address was publicly reported as a restaurant location in 2026. | Do not create a current facility marker at Aparicio Saravia 125. | Do not transfer any historical claims to the current occupant or to Dulce Hogar.",https://www.facebook.com/ANArtigasNoticias/posts/residencial-tulipaneste-esperamos-en-aparicio-saravia-125-tel%C3%A9fonos-de-contacto-/2773506276256852/ | https://www.facebook.com/ANArtigasNoticias/posts/residencial-tulipanesguarder%C3%ADa-para-adultos-mayores-en-residencial-tulipaneslos-/2788220708118742/ | https://clicregional.com/2026/01/la-nuova-italia-inaugura-con-pizza-trattoria-y-parrilla/
