"conflict_id","exclusion_id","conflict_type","department","detail","source_ids","requires_human_review"
"EXC-CONFLICT-53E3E62D4232B8DB","EXC-OFFICIAL-ELP-0085","excluded_contaminated_source","Canelones","extracción PDF concatenada: nombre y dirección mezclan decenas de filas","MSPR-065-2021","true"
"EXC-CONFLICT-4881611EE9FD8F6B","EXC-OFFICIAL-ELP-0181","excluded_contaminated_source","Florida","agrupación de origen defectuosa: mezcla ELP-0180 y ELP-0182","MIDES-047|MIDES-050|MSPR-041-2018|MSPR-084-2019|MSPR-129-2019|MSPR-091-2021|PACP-012","true"
"EXC-CONFLICT-CF6BBF8392A02158","EXC-CANDIDATE-BA169C2669D2991A","candidate_possible_duplicate","","Sugerencia possible_match; no se fusionó automáticamente.","candidate:1","true"
"EXC-CONFLICT-A6B893816967F643","EXC-CANDIDATE-A6A38721A68E9C28","candidate_possible_duplicate","","Sugerencia possible_match; no se fusionó automáticamente.","candidate:2","true"
"EXC-CONFLICT-9AC4909327721398","EXC-CANDIDATE-3F2A4961B0F7D753","candidate_possible_duplicate","","Sugerencia possible_match; no se fusionó automáticamente.","candidate:3","true"
"EXC-CONFLICT-E47012E2BF367BE9","EXC-CANDIDATE-5296BAD3E45FA172","candidate_possible_duplicate","","Sugerencia possible_match; no se fusionó automáticamente.","candidate:4","true"
"EXC-CONFLICT-042C4119D2088A55","EXC-CANDIDATE-0FC5B04B4FF39099","candidate_possible_duplicate","","Sugerencia possible_match; no se fusionó automáticamente.","candidate:5","true"
"EXC-CONFLICT-9125CDABD1F0FD32","EXC-CANDIDATE-CC1BCF8EE2673119","candidate_possible_duplicate","","Sugerencia possible_match; no se fusionó automáticamente.","candidate:6","true"
"EXC-CONFLICT-EE52FD5D133564F3","EXC-CANDIDATE-84FD3C33DC5A9E5B","candidate_possible_duplicate","","Sugerencia possible_match; no se fusionó automáticamente.","candidate:7","true"
"EXC-CONFLICT-BFA8A95395B6BC80","EXC-CANDIDATE-1738DE799FFD143A","candidate_possible_duplicate","","Sugerencia possible_match; no se fusionó automáticamente.","candidate:8","true"
"EXC-CONFLICT-3F9F30BBF2DE7E76","EXC-CANDIDATE-7D33A13CEB5A3B64","candidate_possible_duplicate","","Sugerencia possible_match; no se fusionó automáticamente.","candidate:9","true"
"EXC-CONFLICT-610F2976A1694C39","EXC-CANDIDATE-597FD2D8586456CE","candidate_possible_duplicate","","Sugerencia possible_match; no se fusionó automáticamente.","candidate:10","true"
"EXC-CONFLICT-B6407728FC899171","EXC-CANDIDATE-597FD2D8586456CE","candidate_missing_exact_address","","La pista no tiene dirección física exacta; no es geocodificable todavía.","candidate:10","true"
"EXC-CONFLICT-175B2F0108A5B0CF","EXC-CANDIDATE-A94EE9E2C73BE944","candidate_possible_duplicate","","Sugerencia needs_review; no se fusionó automáticamente.","candidate:11","true"
"EXC-CONFLICT-DBD892A0DF6686F3","EXC-CANDIDATE-9565C76BF06202F1","candidate_possible_duplicate","","Sugerencia needs_review; no se fusionó automáticamente.","candidate:12","true"
"EXC-CONFLICT-5A1BC56A3B50353C","EXC-CANDIDATE-C3FB0FD168BE8BE0","candidate_possible_duplicate","","Sugerencia needs_review; no se fusionó automáticamente.","candidate:13","true"
"EXC-CONFLICT-AA39EA4D2098CE59","EXC-CANDIDATE-C3FB0FD168BE8BE0","candidate_missing_exact_address","","La pista no tiene dirección física exacta; no es geocodificable todavía.","candidate:13","true"
"EXC-CONFLICT-C22EE9054EC79C1A","EXC-CANDIDATE-1E8B2E51C8FD1BF5","candidate_possible_duplicate","","Sugerencia needs_review; no se fusionó automáticamente.","candidate:14","true"
"EXC-CONFLICT-4B1803828F70D9FE","EXC-CANDIDATE-1E8B2E51C8FD1BF5","candidate_missing_exact_address","","La pista no tiene dirección física exacta; no es geocodificable todavía.","candidate:14","true"
"EXC-CONFLICT-FD594A00788ED911","EXC-CANDIDATE-CA5C93314D98AEC3","candidate_possible_duplicate","","Sugerencia needs_review; no se fusionó automáticamente.","candidate:15","true"
"EXC-CONFLICT-07BC1131BDDAF2B5","EXC-CANDIDATE-CA5C93314D98AEC3","candidate_missing_exact_address","","La pista no tiene dirección física exacta; no es geocodificable todavía.","candidate:15","true"
"EXC-CONFLICT-744D45059E2C3177","EXC-CANDIDATE-8F7DE37D85D4732A","candidate_possible_duplicate","","Sugerencia needs_review; no se fusionó automáticamente.","candidate:16","true"
"EXC-CONFLICT-61D9E3B1808FE18D","EXC-CANDIDATE-8F7DE37D85D4732A","candidate_missing_exact_address","","La pista no tiene dirección física exacta; no es geocodificable todavía.","candidate:16","true"
"EXC-CONFLICT-8CA59D500CBF0B60","EXC-CANDIDATE-52DB8EDE00BCA13D","candidate_possible_duplicate","","Sugerencia needs_review; no se fusionó automáticamente.","candidate:17","true"
"EXC-CONFLICT-FA84E21E9586DBAA","EXC-CANDIDATE-52DB8EDE00BCA13D","candidate_missing_exact_address","","La pista no tiene dirección física exacta; no es geocodificable todavía.","candidate:17","true"
"EXC-CONFLICT-29C3ACAC67A70751","EXC-CANDIDATE-5E1C228FD6B7EC36","candidate_possible_duplicate","","Sugerencia needs_review; no se fusionó automáticamente.","candidate:18","true"
"EXC-CONFLICT-4386A6D1BBC6218D","EXC-CANDIDATE-5E1C228FD6B7EC36","candidate_missing_exact_address","","La pista no tiene dirección física exacta; no es geocodificable todavía.","candidate:18","true"
"EXC-CONFLICT-2312DC32D4316820","EXC-CANDIDATE-8CC0A84E0A508ADE","candidate_possible_duplicate","","Sugerencia needs_review; no se fusionó automáticamente.","candidate:19","true"
"EXC-CONFLICT-16575FF569BB0F1D","EXC-CANDIDATE-8CC0A84E0A508ADE","candidate_missing_exact_address","","La pista no tiene dirección física exacta; no es geocodificable todavía.","candidate:19","true"
"EXC-CONFLICT-17A36B88BB78C269","EXC-CANDIDATE-487BBBC16B1414E8","candidate_possible_duplicate","","Sugerencia needs_review; no se fusionó automáticamente.","candidate:20","true"
"EXC-CONFLICT-A26EF9551852B4F5","EXC-CANDIDATE-883F28D0E0DE0C2B","candidate_possible_duplicate","","Sugerencia needs_review; no se fusionó automáticamente.","candidate:21","true"
"EXC-CONFLICT-05AF5B48296DD01C","EXC-CANDIDATE-883F28D0E0DE0C2B","candidate_missing_exact_address","","La pista no tiene dirección física exacta; no es geocodificable todavía.","candidate:21","true"
"EXC-CONFLICT-70485A1DB8C56A5F","EXC-CANDIDATE-9E5D281F159A7C64","candidate_possible_duplicate","","Sugerencia needs_review; no se fusionó automáticamente.","candidate:22","true"
"EXC-CONFLICT-D331F3BE65C05FD9","EXC-CANDIDATE-114EC8AF14BD8D6E","candidate_possible_duplicate","","Sugerencia needs_review; no se fusionó automáticamente.","candidate:23","true"
"EXC-CONFLICT-9FCFF059202B2B98","EXC-CANDIDATE-114EC8AF14BD8D6E","candidate_missing_exact_address","","La pista no tiene dirección física exacta; no es geocodificable todavía.","candidate:23","true"
"EXC-CONFLICT-5E4742DEFFFDECB5","EXC-CANDIDATE-4AFB7CBC0A7955A2","candidate_possible_duplicate","","Sugerencia needs_review; no se fusionó automáticamente.","candidate:24","true"
"EXC-CONFLICT-ED4AE9AB13FE0AE8","EXC-CANDIDATE-4AFB7CBC0A7955A2","candidate_missing_exact_address","","La pista no tiene dirección física exacta; no es geocodificable todavía.","candidate:24","true"
"EXC-CONFLICT-8AF5725686D0DBBE","EXC-CANDIDATE-90168B1715CB1AB6","candidate_possible_duplicate","","Sugerencia needs_review; no se fusionó automáticamente.","candidate:25","true"
"EXC-CONFLICT-62BA83E54026FA9A","EXC-CANDIDATE-90168B1715CB1AB6","candidate_missing_exact_address","","La pista no tiene dirección física exacta; no es geocodificable todavía.","candidate:25","true"
"EXC-CONFLICT-040F75870C06D25A","EXC-CANDIDATE-A037AEEA6F67A619","candidate_possible_duplicate","","Sugerencia needs_review; no se fusionó automáticamente.","candidate:26","true"
"EXC-CONFLICT-58E864AA343A987C","EXC-CANDIDATE-A037AEEA6F67A619","candidate_missing_exact_address","","La pista no tiene dirección física exacta; no es geocodificable todavía.","candidate:26","true"
"EXC-CONFLICT-DE7588D689C87F89","EXC-CANDIDATE-71348CAD2596D9E7","candidate_possible_duplicate","","Sugerencia needs_review; no se fusionó automáticamente.","candidate:27","true"
"EXC-CONFLICT-7E2D6B05D2179E9D","EXC-CANDIDATE-71348CAD2596D9E7","candidate_missing_exact_address","","La pista no tiene dirección física exacta; no es geocodificable todavía.","candidate:27","true"
"EXC-CONFLICT-889A3BD2C204309A","EXC-CANDIDATE-BD196CD762122307","candidate_possible_duplicate","","Sugerencia needs_review; no se fusionó automáticamente.","candidate:28","true"
"EXC-CONFLICT-5B743008799F3925","EXC-CANDIDATE-7D5CF0C90BD3F3A4","candidate_possible_duplicate","","Sugerencia needs_review; no se fusionó automáticamente.","candidate:29","true"
"EXC-CONFLICT-970B8D873E6871D9","EXC-CANDIDATE-7D5CF0C90BD3F3A4","candidate_missing_exact_address","","La pista no tiene dirección física exacta; no es geocodificable todavía.","candidate:29","true"
"EXC-CONFLICT-06FEA0FB57503A01","EXC-CANDIDATE-80CFAB3FA591CCB2","candidate_possible_duplicate","","Sugerencia needs_review; no se fusionó automáticamente.","candidate:30","true"
"EXC-CONFLICT-65EDF0B5BBC73D3B","EXC-CANDIDATE-34F61B9F7F7AC7C9","candidate_possible_duplicate","rocha","Sugerencia verified_new; no se fusionó automáticamente.","candidate:31","true"
"EXC-CONFLICT-E530926486483D09","EXC-CANDIDATE-60DFC64F236536F1","candidate_possible_duplicate","rocha","Sugerencia needs_review; no se fusionó automáticamente.","candidate:32","true"
"EXC-CONFLICT-8BAB59BB3E7C62F2","EXC-CANDIDATE-C027F6E79CA07C2C","candidate_possible_duplicate","rocha","Sugerencia needs_review; no se fusionó automáticamente.","candidate:33","true"
"EXC-CONFLICT-3A78914A9B697742","EXC-CANDIDATE-DB894F3EBB8BADFE","candidate_possible_duplicate","rocha","Sugerencia needs_review; no se fusionó automáticamente.","candidate:34","true"
"EXC-CONFLICT-69DDB9D9179F1451","EXC-CANDIDATE-554B1FF0EEDA7B07","candidate_possible_duplicate","rocha","Sugerencia needs_review; no se fusionó automáticamente.","candidate:35","true"
"EXC-CONFLICT-77F432F42FECB226","EXC-CANDIDATE-9FDE8742B147F019","candidate_possible_duplicate","rocha","Sugerencia verified_new; no se fusionó automáticamente.","candidate:36","true"
"EXC-CONFLICT-63F7F81D3BBA0C6B","EXC-CANDIDATE-14D5749B79FB174E","candidate_possible_duplicate","rocha","Sugerencia verified_new; no se fusionó automáticamente.","candidate:37","true"
"EXC-CONFLICT-8181F6F641FD9BD1","EXC-CANDIDATE-303DCE846C4181BA","candidate_possible_duplicate","rocha","Sugerencia needs_review; no se fusionó automáticamente.","candidate:38","true"
"EXC-CONFLICT-F2CD5360E63275B5","EXC-CANDIDATE-AAA35A701F9540A9","candidate_possible_duplicate","rocha","Sugerencia needs_review; no se fusionó automáticamente.","candidate:39","true"
"EXC-CONFLICT-60C5393FAB8FBB84","EXC-CANDIDATE-AAA35A701F9540A9","candidate_missing_exact_address","rocha","La pista no tiene dirección física exacta; no es geocodificable todavía.","candidate:39","true"
"EXC-CONFLICT-3C578BA0BBCC31DB","EXC-CANDIDATE-CB1B90C39AFCC82B","candidate_possible_duplicate","rocha","Sugerencia needs_review; no se fusionó automáticamente.","candidate:40","true"
"EXC-CONFLICT-DDA7E8B07C98D2DB","EXC-CANDIDATE-CB1B90C39AFCC82B","candidate_missing_exact_address","rocha","La pista no tiene dirección física exacta; no es geocodificable todavía.","candidate:40","true"
"EXC-CONFLICT-77616FF99267A9D0","EXC-CANDIDATE-EF026DF8406F78B5","candidate_possible_duplicate","rocha","Sugerencia needs_review; no se fusionó automáticamente.","candidate:41","true"
"EXC-CONFLICT-EFFDCFFE7E15F312","EXC-CANDIDATE-657736355AA88CDB","candidate_possible_duplicate","rocha","Sugerencia needs_review; no se fusionó automáticamente.","candidate:42","true"
"EXC-CONFLICT-37B7B23A6C7A6EED","EXC-CANDIDATE-718DF20A4C05D1D1","candidate_possible_duplicate","rocha","Sugerencia needs_review; no se fusionó automáticamente.","candidate:43","true"
"EXC-CONFLICT-A563614A17F68D69","EXC-CANDIDATE-9DFA31A29F0AA77B","candidate_possible_duplicate","rocha","Sugerencia needs_review; no se fusionó automáticamente.","candidate:44","true"
"EXC-CONFLICT-4D6F47397862D85E","EXC-CANDIDATE-AC8E40E7B17592BB","candidate_possible_duplicate","canelones","Sugerencia needs_review; no se fusionó automáticamente.","candidate:46","true"
"EXC-CONFLICT-816DFA99E30E6BA0","EXC-CANDIDATE-972CF94B244ED3F0","candidate_possible_duplicate","canelones","Sugerencia needs_review; no se fusionó automáticamente.","candidate:47","true"
"EXC-CONFLICT-CADDED99534A55AF","EXC-CANDIDATE-11D4E1B4CE9454D5","candidate_possible_duplicate","canelones","Sugerencia verified_new; no se fusionó automáticamente.","candidate:48","true"
"EXC-CONFLICT-5D724C6DC1CD05F9","EXC-CANDIDATE-A0CFD97106C124E2","candidate_possible_duplicate","canelones","Sugerencia needs_review; no se fusionó automáticamente.","candidate:49","true"
"EXC-CONFLICT-7887665FABF86D86","EXC-CANDIDATE-7ECC0CFB04AE736B","candidate_possible_duplicate","canelones","Sugerencia needs_review; no se fusionó automáticamente.","candidate:50","true"
"EXC-CONFLICT-186B79B5AD0AB0EC","EXC-CANDIDATE-EF4AD9AFB0083F6E","candidate_possible_duplicate","canelones","Sugerencia needs_review; no se fusionó automáticamente.","candidate:51","true"
"EXC-CONFLICT-8C9994CC0CC98D3B","EXC-CANDIDATE-46889E42D2377FE1","candidate_possible_duplicate","canelones","Sugerencia verified_new; no se fusionó automáticamente.","candidate:52","true"
"EXC-CONFLICT-8AEAC40AF39D86EF","EXC-CANDIDATE-6154F5C0AC540983","candidate_possible_duplicate","canelones","Sugerencia needs_review; no se fusionó automáticamente.","candidate:53","true"
"EXC-CONFLICT-2CB47E88DAD0A16E","EXC-CANDIDATE-F83A3EA1BE96D56A","candidate_possible_duplicate","canelones","Sugerencia needs_review; no se fusionó automáticamente.","candidate:54","true"
"EXC-CONFLICT-3A413F84463CBF37","EXC-CANDIDATE-4AB911F6888F7756","candidate_possible_duplicate","canelones","Sugerencia verified_new; no se fusionó automáticamente.","candidate:55","true"
"EXC-CONFLICT-A4D3FDEB7ACC3770","EXC-CANDIDATE-058F0593147EA2B9","candidate_possible_duplicate","canelones","Sugerencia needs_review; no se fusionó automáticamente.","candidate:56","true"
"EXC-CONFLICT-D8C834DD4B686EC4","EXC-CANDIDATE-F34B76711C872EF6","candidate_possible_duplicate","canelones","Sugerencia needs_review; no se fusionó automáticamente.","candidate:57","true"
"EXC-CONFLICT-B31C4F1028032ECA","EXC-CANDIDATE-1976DA99600F0E77","candidate_possible_duplicate","canelones","Sugerencia verified_new; no se fusionó automáticamente.","candidate:58","true"
"EXC-CONFLICT-C27AA6A1484B7FD2","EXC-CANDIDATE-974EAF0A4DD25EF9","candidate_possible_duplicate","canelones","Sugerencia needs_review; no se fusionó automáticamente.","candidate:59","true"
"EXC-CONFLICT-3B7656934D870491","EXC-CANDIDATE-A537B913FC33F09A","candidate_possible_duplicate","canelones","Sugerencia needs_review; no se fusionó automáticamente.","candidate:60","true"
"EXC-CONFLICT-1C8BCA1CD58BC6C0","EXC-CANDIDATE-F669BC3AE87C2485","candidate_possible_duplicate","canelones","Sugerencia needs_review; no se fusionó automáticamente.","candidate:61","true"
"EXC-CONFLICT-682F304C3600BF03","EXC-CANDIDATE-4697D909746C053F","candidate_possible_duplicate","canelones","Sugerencia needs_review; no se fusionó automáticamente.","candidate:62","true"
"EXC-CONFLICT-2821A63ADD635485","EXC-CANDIDATE-FD40B942CC53FB92","candidate_possible_duplicate","canelones","Sugerencia needs_review; no se fusionó automáticamente.","candidate:63","true"
"EXC-CONFLICT-1AE3A77C7EA88011","EXC-CANDIDATE-72DED2F59B4204EE","candidate_possible_duplicate","canelones","Sugerencia needs_review; no se fusionó automáticamente.","candidate:64","true"
"EXC-CONFLICT-037C660FF36405D2","EXC-CANDIDATE-50F7123E1FDB0BE0","candidate_possible_duplicate","canelones","Sugerencia needs_review; no se fusionó automáticamente.","candidate:65","true"
"EXC-CONFLICT-928AEE4848F46419","EXC-CANDIDATE-7A827B61B546C8D6","candidate_possible_duplicate","canelones","Sugerencia verified_new; no se fusionó automáticamente.","candidate:66","true"
"EXC-CONFLICT-429CF417D244B60A","EXC-CANDIDATE-D3C6C6FDC2561DE9","candidate_possible_duplicate","canelones","Sugerencia needs_review; no se fusionó automáticamente.","candidate:67","true"
"EXC-CONFLICT-75BA788814E3C798","EXC-CANDIDATE-05362D6D2AD0AADC","candidate_possible_duplicate","canelones","Sugerencia verified_new; no se fusionó automáticamente.","candidate:68","true"
"EXC-CONFLICT-D146EB8CAB6C6D47","EXC-CANDIDATE-6DAB44BF0D71FEF5","candidate_possible_duplicate","canelones","Sugerencia verified_new; no se fusionó automáticamente.","candidate:69","true"
"EXC-CONFLICT-3EDA8876D1E11A3A","EXC-CANDIDATE-2974F3AA67B08E66","candidate_possible_duplicate","canelones","Sugerencia verified_new; no se fusionó automáticamente.","candidate:70","true"
"EXC-CONFLICT-B8B92EA207C991B7","EXC-CANDIDATE-43A55091FBCC5E35","candidate_possible_duplicate","canelones","Sugerencia verified_new; no se fusionó automáticamente.","candidate:71","true"
"EXC-CONFLICT-90917A756FCC0E1F","EXC-CANDIDATE-FB4AC378C58DE210","candidate_possible_duplicate","canelones","Sugerencia verified_new; no se fusionó automáticamente.","candidate:72","true"
"EXC-CONFLICT-BD36573A30F722C1","EXC-CANDIDATE-77FC20DE8C5D7A00","candidate_possible_duplicate","canelones","Sugerencia needs_review; no se fusionó automáticamente.","candidate:73","true"
"EXC-CONFLICT-DE10CA420CAEFF26","EXC-CANDIDATE-4C27237BC59BE32B","candidate_possible_duplicate","canelones","Sugerencia needs_review; no se fusionó automáticamente.","candidate:74","true"
"EXC-CONFLICT-699BA51314D32E7D","EXC-CANDIDATE-52B7E7E1EF3EF883","candidate_possible_duplicate","canelones","Sugerencia verified_new; no se fusionó automáticamente.","candidate:75","true"
"EXC-CONFLICT-5595213C40A5C443","EXC-CANDIDATE-49A4E22148F4C09E","candidate_possible_duplicate","canelones","Sugerencia needs_review; no se fusionó automáticamente.","candidate:76","true"
"EXC-CONFLICT-5120D692B871853F","EXC-CANDIDATE-9D52367F81747D05","candidate_possible_duplicate","canelones","Sugerencia verified_new; no se fusionó automáticamente.","candidate:77","true"
"EXC-CONFLICT-7C65BEACF11613FF","EXC-CANDIDATE-4EB16663825A6CDB","candidate_possible_duplicate","canelones","Sugerencia needs_review; no se fusionó automáticamente.","candidate:78","true"
"EXC-CONFLICT-D2F307CB1DFCAACC","EXC-CANDIDATE-D3449A599DA0C682","candidate_possible_duplicate","canelones","Sugerencia needs_review; no se fusionó automáticamente.","candidate:79","true"
"EXC-CONFLICT-39975B9E902B6D45","EXC-CANDIDATE-F72BB0D729C00661","candidate_possible_duplicate","canelones","Sugerencia needs_review; no se fusionó automáticamente.","candidate:80","true"
"EXC-CONFLICT-B2452E60BD8E51AB","EXC-CANDIDATE-11F6726B1CB0397D","candidate_possible_duplicate","canelones","Sugerencia needs_review; no se fusionó automáticamente.","candidate:81","true"
"EXC-CONFLICT-6FB4EACF43618162","EXC-CANDIDATE-C5F71AA43C77F8D6","candidate_possible_duplicate","canelones","Sugerencia needs_review; no se fusionó automáticamente.","candidate:82","true"
"EXC-CONFLICT-53BB67BE65B0DF1B","EXC-CANDIDATE-B71401E260DD5B8D","candidate_possible_duplicate","canelones","Sugerencia needs_review; no se fusionó automáticamente.","candidate:83","true"
"EXC-CONFLICT-1A9E286A49337ABE","EXC-CANDIDATE-36EB0B1AAD4470DC","candidate_possible_duplicate","canelones","Sugerencia needs_review; no se fusionó automáticamente.","candidate:84","true"
"EXC-CONFLICT-5E1B9106C986AA5D","EXC-CANDIDATE-71599E8BE9574FC3","candidate_possible_duplicate","canelones","Sugerencia needs_review; no se fusionó automáticamente.","candidate:85","true"
"EXC-CONFLICT-52D19A0EE0D17923","EXC-CANDIDATE-71599E8BE9574FC3","candidate_missing_exact_address","canelones","La pista no tiene dirección física exacta; no es geocodificable todavía.","candidate:85","true"
"EXC-CONFLICT-AB7593FD5412E86D","EXC-CANDIDATE-3852E258A282A2C3","candidate_possible_duplicate","canelones","Sugerencia needs_review; no se fusionó automáticamente.","candidate:86","true"
"EXC-CONFLICT-CC831ACF8CCB27F7","EXC-CANDIDATE-3852E258A282A2C3","candidate_missing_exact_address","canelones","La pista no tiene dirección física exacta; no es geocodificable todavía.","candidate:86","true"
"EXC-CONFLICT-3FC21DB88A4D7C7A","EXC-CANDIDATE-7A3C132E7D290467","candidate_possible_duplicate","canelones","Sugerencia needs_review; no se fusionó automáticamente.","candidate:87","true"
"EXC-CONFLICT-7F44CD937323B3DE","EXC-CANDIDATE-7A3C132E7D290467","candidate_missing_exact_address","canelones","La pista no tiene dirección física exacta; no es geocodificable todavía.","candidate:87","true"
"EXC-CONFLICT-0AC52DEFC30D5945","EXC-CANDIDATE-A803867A69E6D3DE","candidate_possible_duplicate","canelones","Sugerencia needs_review; no se fusionó automáticamente.","candidate:88","true"
"EXC-CONFLICT-DF23ACB703A0BC79","EXC-CANDIDATE-A803867A69E6D3DE","candidate_missing_exact_address","canelones","La pista no tiene dirección física exacta; no es geocodificable todavía.","candidate:88","true"
"EXC-CONFLICT-27058F54DD7A002F","EXC-CANDIDATE-36F5A18C3EAB71D3","candidate_possible_duplicate","canelones","Sugerencia needs_review; no se fusionó automáticamente.","candidate:89","true"
"EXC-CONFLICT-726BBA31B340B02E","EXC-CANDIDATE-36F5A18C3EAB71D3","candidate_missing_exact_address","canelones","La pista no tiene dirección física exacta; no es geocodificable todavía.","candidate:89","true"
"EXC-CONFLICT-7A17C9695B85AF65","EXC-CANDIDATE-E0F07D8DE7E3784F","candidate_possible_duplicate","canelones","Sugerencia needs_review; no se fusionó automáticamente.","candidate:90","true"
"EXC-CONFLICT-CBBA15147F5E3A96","EXC-CANDIDATE-E0F07D8DE7E3784F","candidate_missing_exact_address","canelones","La pista no tiene dirección física exacta; no es geocodificable todavía.","candidate:90","true"
"EXC-CONFLICT-106633DF44C4E01D","EXC-CANDIDATE-AB543846F745B977","candidate_possible_duplicate","canelones","Sugerencia needs_review; no se fusionó automáticamente.","candidate:91","true"
"EXC-CONFLICT-3791A5D61D248845","EXC-CANDIDATE-B136540AB8C75568","candidate_possible_duplicate","canelones","Sugerencia needs_review; no se fusionó automáticamente.","candidate:92","true"
"EXC-CONFLICT-8017CD4F3CB9EC94","EXC-CANDIDATE-5B86CE91AD110651","candidate_possible_duplicate","canelones","Sugerencia needs_review; no se fusionó automáticamente.","candidate:93","true"
"EXC-CONFLICT-6E7FF73293913EF1","EXC-CANDIDATE-7079E16C34CB30E4","candidate_possible_duplicate","canelones","Sugerencia needs_review; no se fusionó automáticamente.","candidate:94","true"
"EXC-CONFLICT-04F773CD144D8ACD","EXC-CANDIDATE-0FB88FEC24880EC3","candidate_possible_duplicate","canelones","Sugerencia needs_review; no se fusionó automáticamente.","candidate:95","true"
"EXC-CONFLICT-372F4777C6251B9C","EXC-CANDIDATE-6F98F01C7608B2D2","candidate_possible_duplicate","canelones","Sugerencia needs_review; no se fusionó automáticamente.","candidate:96","true"
"EXC-CONFLICT-7E2BB4A340762CA0","EXC-CANDIDATE-A433179431DEDE14","candidate_possible_duplicate","canelones","Sugerencia needs_review; no se fusionó automáticamente.","candidate:97","true"
"EXC-CONFLICT-5CE3CAA55453D968","EXC-CANDIDATE-7AEEF3E6C2CF960E","candidate_possible_duplicate","canelones","Sugerencia needs_review; no se fusionó automáticamente.","candidate:98","true"
"EXC-CONFLICT-315A0187B253ADA9","EXC-CANDIDATE-5194BE45DF839C3C","candidate_possible_duplicate","canelones","Sugerencia needs_review; no se fusionó automáticamente.","candidate:99","true"
"EXC-CONFLICT-6250E67D189DC994","EXC-CANDIDATE-0817F1E39A446968","candidate_possible_duplicate","canelones","Sugerencia needs_review; no se fusionó automáticamente.","candidate:100","true"
"EXC-CONFLICT-7D4B0799D5EBB256","EXC-CANDIDATE-31C188984EBCBCCD","candidate_possible_duplicate","canelones","Sugerencia needs_review; no se fusionó automáticamente.","candidate:101","true"
"EXC-CONFLICT-462F436D6CB07D8D","EXC-CANDIDATE-750EAE3F9196E200","candidate_possible_duplicate","canelones","Sugerencia needs_review; no se fusionó automáticamente.","candidate:102","true"
"EXC-CONFLICT-4884558B9803FE5D","EXC-CANDIDATE-3D22C4A74A4DC88A","candidate_possible_duplicate","canelones","Sugerencia needs_review; no se fusionó automáticamente.","candidate:103","true"
"EXC-CONFLICT-2F752520778F73A2","EXC-CANDIDATE-8FC6FE7FE25FF85B","candidate_possible_duplicate","artigas","Sugerencia needs_review; no se fusionó automáticamente.","candidate:104","true"
"EXC-CONFLICT-2B205F1CDB06F0D9","EXC-CANDIDATE-E7759F6265D6FCF3","candidate_possible_duplicate","artigas","Sugerencia needs_review; no se fusionó automáticamente.","candidate:105","true"
"EXC-CONFLICT-3A2027D0EE2F16C6","EXC-CANDIDATE-EB51CD605238E0E9","candidate_possible_duplicate","artigas","Sugerencia needs_review; no se fusionó automáticamente.","candidate:106","true"
"EXC-CONFLICT-C9419CFF269050F6","EXC-CANDIDATE-4C992DEAC01FA614","candidate_possible_duplicate","artigas","Sugerencia needs_review; no se fusionó automáticamente.","candidate:107","true"
"EXC-CONFLICT-520F9D921524A182","EXC-CANDIDATE-2294EAD5FAA7E3F6","candidate_possible_duplicate","artigas","Sugerencia needs_review; no se fusionó automáticamente.","candidate:108","true"
"EXC-CONFLICT-FCB632F68BC70D18","EXC-CANDIDATE-FC5A4E0632E4AA45","candidate_possible_duplicate","artigas","Sugerencia verified_new; no se fusionó automáticamente.","candidate:109","true"
"EXC-CONFLICT-9AB81BEB0997B571","EXC-CANDIDATE-4E44544BFDE032D3","candidate_possible_duplicate","artigas","Sugerencia needs_review; no se fusionó automáticamente.","candidate:110","true"
"EXC-CONFLICT-76F3849BC7B48555","EXC-CANDIDATE-8EAD1D3B00183CDE","candidate_possible_duplicate","paysandu","Sugerencia needs_review; no se fusionó automáticamente.","candidate:111","true"
"EXC-CONFLICT-E2C25C9F5DCFAC83","EXC-CANDIDATE-A4ECEB19913258CE","candidate_possible_duplicate","paysandu","Sugerencia needs_review; no se fusionó automáticamente.","candidate:112","true"
"EXC-CONFLICT-D53E9AE1BC5AD886","EXC-CANDIDATE-F8088BDC5625F27C","candidate_possible_duplicate","paysandu","Sugerencia needs_review; no se fusionó automáticamente.","candidate:113","true"
"EXC-CONFLICT-00CFC8A61CC5AB00","EXC-CANDIDATE-747BA4C4CEFE4EDF","candidate_possible_duplicate","paysandu","Sugerencia needs_review; no se fusionó automáticamente.","candidate:114","true"
"EXC-CONFLICT-5765CC8FED6991D6","EXC-CANDIDATE-747BA4C4CEFE4EDF","candidate_missing_exact_address","paysandu","La pista no tiene dirección física exacta; no es geocodificable todavía.","candidate:114","true"
"EXC-CONFLICT-A83C451E8AF16F5E","EXC-CANDIDATE-EB4211BC6A004781","candidate_possible_duplicate","paysandu","Sugerencia needs_review; no se fusionó automáticamente.","candidate:115","true"
"EXC-CONFLICT-382BFBEB5FCBF737","EXC-CANDIDATE-C2415C148E197078","candidate_possible_duplicate","paysandu","Sugerencia needs_review; no se fusionó automáticamente.","candidate:116","true"
"EXC-CONFLICT-5C7F071F368D6767","EXC-CANDIDATE-C2415C148E197078","candidate_missing_exact_address","paysandu","La pista no tiene dirección física exacta; no es geocodificable todavía.","candidate:116","true"
"EXC-CONFLICT-E10D10BF8954E153","EXC-CANDIDATE-5C6471DAF888D0A9","candidate_possible_duplicate","paysandu","Sugerencia needs_review; no se fusionó automáticamente.","candidate:117","true"
"EXC-CONFLICT-666DF171EFB54BE9","EXC-CANDIDATE-970023A1FFBE4281","candidate_possible_duplicate","montevideo","Sugerencia verified_new; no se fusionó automáticamente.","candidate:125","true"
"EXC-CONFLICT-56D381117DDCB43D","EXC-CANDIDATE-FBF334AF6731614E","candidate_possible_duplicate","montevideo","Sugerencia verified_new; no se fusionó automáticamente.","candidate:126","true"
"EXC-CONFLICT-153BA098BDE57D2E","EXC-CANDIDATE-FB1081E59CF20980","candidate_possible_duplicate","montevideo","Sugerencia verified_new; no se fusionó automáticamente.","candidate:127","true"
"EXC-CONFLICT-E383887841C578FB","EXC-CANDIDATE-D7162AE9C76B3E4A","candidate_possible_duplicate","montevideo","Sugerencia verified_new; no se fusionó automáticamente.","candidate:128","true"
"EXC-CONFLICT-79C353F0B8D761AF","EXC-CANDIDATE-44F325AED3B4ABFB","candidate_possible_duplicate","montevideo","Sugerencia needs_review; no se fusionó automáticamente.","candidate:129","true"
"EXC-CONFLICT-9909C6B9E60E93D5","EXC-CANDIDATE-684F0D35F4E06CAF","candidate_possible_duplicate","montevideo","Sugerencia needs_review; no se fusionó automáticamente.","candidate:130","true"
"EXC-CONFLICT-7251E08970DF3A02","EXC-CANDIDATE-9A0D7DD959C536A1","candidate_possible_duplicate","montevideo","Sugerencia verified_new; no se fusionó automáticamente.","candidate:131","true"
"EXC-CONFLICT-9F68BBB0DCCEE3AB","EXC-CANDIDATE-F9058BD1D8C5293A","candidate_possible_duplicate","montevideo","Sugerencia verified_new; no se fusionó automáticamente.","candidate:132","true"
"EXC-CONFLICT-F36D3453F1AA9149","EXC-CANDIDATE-8C652D44B758FA9D","candidate_possible_duplicate","montevideo","Sugerencia verified_new; no se fusionó automáticamente.","candidate:133","true"
"EXC-CONFLICT-9A733F6533BD20ED","EXC-CANDIDATE-049F8F5F1D63DB77","candidate_possible_duplicate","montevideo","Sugerencia verified_new; no se fusionó automáticamente.","candidate:134","true"
"EXC-CONFLICT-DFD714F0170F1EFC","EXC-CANDIDATE-D00DC7C7306A04A5","candidate_possible_duplicate","montevideo","Sugerencia verified_new; no se fusionó automáticamente.","candidate:135","true"
"EXC-CONFLICT-842E03F0A1596FF2","EXC-CANDIDATE-352EF716FEB97D96","candidate_possible_duplicate","montevideo","Sugerencia verified_new; no se fusionó automáticamente.","candidate:136","true"
"EXC-CONFLICT-DC0DB76F08AD8D9C","EXC-CANDIDATE-E5B0A715BE63F67A","candidate_possible_duplicate","montevideo","Sugerencia verified_new; no se fusionó automáticamente.","candidate:137","true"
"EXC-CONFLICT-6594B41DF9BC3931","EXC-CANDIDATE-8EF33B3FAC5BBBDB","candidate_possible_duplicate","montevideo","Sugerencia verified_new; no se fusionó automáticamente.","candidate:138","true"
"EXC-CONFLICT-69BB04B1F27AF09B","EXC-CANDIDATE-5D090C41D949D915","candidate_possible_duplicate","montevideo","Sugerencia verified_new; no se fusionó automáticamente.","candidate:139","true"
"EXC-CONFLICT-9E724E8E10592BD5","EXC-CANDIDATE-3F17C720F0270C8E","candidate_possible_duplicate","montevideo","Sugerencia verified_new; no se fusionó automáticamente.","candidate:140","true"
"EXC-CONFLICT-DEFFABD56772D158","EXC-CANDIDATE-1103AA3E9AD2CC26","candidate_possible_duplicate","montevideo","Sugerencia verified_new; no se fusionó automáticamente.","candidate:141","true"
"EXC-CONFLICT-7323CE331F9EC817","EXC-CANDIDATE-5C40DA6C02051CF1","candidate_possible_duplicate","montevideo","Sugerencia verified_new; no se fusionó automáticamente.","candidate:142","true"
"EXC-CONFLICT-46B2E20337E59CD2","EXC-CANDIDATE-C43C790728A05D8B","candidate_possible_duplicate","montevideo","Sugerencia verified_new; no se fusionó automáticamente.","candidate:143","true"
"EXC-CONFLICT-371D9404B8495AC1","EXC-CANDIDATE-DB67AE133DC087AE","candidate_possible_duplicate","montevideo","Sugerencia verified_new; no se fusionó automáticamente.","candidate:144","true"
"EXC-CONFLICT-D01EB2AD6FE42ADC","EXC-CANDIDATE-8B6564C46D72FBC8","candidate_possible_duplicate","montevideo","Sugerencia needs_review; no se fusionó automáticamente.","candidate:145","true"
"EXC-CONFLICT-8A796BF4BD0491F6","EXC-CANDIDATE-03C272A659E8571E","candidate_possible_duplicate","montevideo","Sugerencia needs_review; no se fusionó automáticamente.","candidate:146","true"
"EXC-CONFLICT-FCFFD14A31711D5C","EXC-CANDIDATE-A64D535247888B54","candidate_possible_duplicate","montevideo","Sugerencia needs_review; no se fusionó automáticamente.","candidate:147","true"
"EXC-CONFLICT-AC5C3437E9075519","EXC-CANDIDATE-E7BCAA6C8DA6D967","candidate_possible_duplicate","montevideo","Sugerencia needs_review; no se fusionó automáticamente.","candidate:148","true"
"EXC-CONFLICT-5D9EB5A6F6D1BF55","EXC-CANDIDATE-4118E1FC7D54C715","candidate_possible_duplicate","montevideo","Sugerencia needs_review; no se fusionó automáticamente.","candidate:149","true"
"EXC-CONFLICT-F3E3F699C568CADF","EXC-CANDIDATE-AC0C9E3D9DDDDE78","candidate_possible_duplicate","montevideo","Sugerencia needs_review; no se fusionó automáticamente.","candidate:150","true"
"EXC-CONFLICT-113D1E78E9621608","EXC-CANDIDATE-17A53BF09457C77F","candidate_possible_duplicate","montevideo","Sugerencia needs_review; no se fusionó automáticamente.","candidate:151","true"
"EXC-CONFLICT-BED78D78639449FE","EXC-CANDIDATE-CA04B646C40311C1","candidate_possible_duplicate","montevideo","Sugerencia needs_review; no se fusionó automáticamente.","candidate:152","true"
"EXC-CONFLICT-EB02B74C979ABFA9","EXC-CANDIDATE-AD76AAF055FF46A1","candidate_possible_duplicate","montevideo","Sugerencia needs_review; no se fusionó automáticamente.","candidate:153","true"
"EXC-CONFLICT-22C6DE5AFB6B6138","EXC-CANDIDATE-8DEC87742E48B59B","candidate_possible_duplicate","montevideo","Sugerencia needs_review; no se fusionó automáticamente.","candidate:154","true"
"EXC-CONFLICT-94E79C888B7A18D4","EXC-CANDIDATE-A5BA93AE2C38D725","candidate_possible_duplicate","montevideo","Sugerencia needs_review; no se fusionó automáticamente.","candidate:155","true"
"EXC-CONFLICT-BD0AD4223A0C7094","EXC-CANDIDATE-2F87148E0A2A709E","candidate_possible_duplicate","montevideo","Sugerencia needs_review; no se fusionó automáticamente.","candidate:156","true"
"EXC-CONFLICT-64AEBA626381BCA6","EXC-CANDIDATE-642B04AF38214503","candidate_possible_duplicate","montevideo","Sugerencia needs_review; no se fusionó automáticamente.","candidate:157","true"
"EXC-CONFLICT-E9819EFCCE8D517D","EXC-CANDIDATE-BC4AE190031BC1D1","candidate_possible_duplicate","montevideo","Sugerencia needs_review; no se fusionó automáticamente.","candidate:158","true"
"EXC-CONFLICT-C7876376CACB1A29","EXC-CANDIDATE-215C6705C3F10B46","candidate_possible_duplicate","montevideo","Sugerencia needs_review; no se fusionó automáticamente.","candidate:159","true"
"EXC-CONFLICT-B41E279040BB9104","EXC-CANDIDATE-7316470664816347","candidate_possible_duplicate","montevideo","Sugerencia needs_review; no se fusionó automáticamente.","candidate:160","true"
"EXC-CONFLICT-D82482E993F03241","EXC-CANDIDATE-21FF6792674CEF22","candidate_possible_duplicate","montevideo","Sugerencia needs_review; no se fusionó automáticamente.","candidate:161","true"
"EXC-CONFLICT-7A988EECBD2EFD1D","EXC-CANDIDATE-F4E0FAA05AAC1A85","candidate_possible_duplicate","montevideo","Sugerencia needs_review; no se fusionó automáticamente.","candidate:162","true"
"EXC-CONFLICT-BDA62CB578596C46","EXC-CANDIDATE-364C3065B00C2666","candidate_possible_duplicate","montevideo","Sugerencia needs_review; no se fusionó automáticamente.","candidate:163","true"
"EXC-CONFLICT-FA247ADB53ABFFE6","EXC-CANDIDATE-58422D6B81BB3275","candidate_possible_duplicate","montevideo","Sugerencia needs_review; no se fusionó automáticamente.","candidate:164","true"
"EXC-CONFLICT-D5847939FA8A6B03","EXC-CANDIDATE-742B04A50992E9A4","candidate_possible_duplicate","montevideo","Sugerencia needs_review; no se fusionó automáticamente.","candidate:165","true"
"EXC-CONFLICT-4F4C072B5FA171A8","EXC-CANDIDATE-6D2E4FFE84CE1E40","candidate_possible_duplicate","montevideo","Sugerencia needs_review; no se fusionó automáticamente.","candidate:166","true"
"EXC-CONFLICT-A671272F48F0E841","EXC-CANDIDATE-630F77124F7F0C65","candidate_possible_duplicate","montevideo","Sugerencia needs_review; no se fusionó automáticamente.","candidate:167","true"
"EXC-CONFLICT-D744480DACCF8CC4","EXC-CANDIDATE-C396E52C707FD12B","candidate_possible_duplicate","montevideo","Sugerencia needs_review; no se fusionó automáticamente.","candidate:168","true"
"EXC-CONFLICT-3175441717A9D771","EXC-CANDIDATE-3497B06609B3F7E9","candidate_possible_duplicate","montevideo","Sugerencia needs_review; no se fusionó automáticamente.","candidate:169","true"
"EXC-CONFLICT-EB0654506FF8B043","EXC-CANDIDATE-E21AED264813606A","candidate_possible_duplicate","montevideo","Sugerencia needs_review; no se fusionó automáticamente.","candidate:170","true"
"EXC-CONFLICT-7700B5DD0F03C1CC","EXC-CANDIDATE-E6698CB45F831D05","candidate_possible_duplicate","montevideo","Sugerencia needs_review; no se fusionó automáticamente.","candidate:171","true"
"EXC-CONFLICT-60383E5A3AAE7950","EXC-CANDIDATE-DC342E4E98D755A0","candidate_possible_duplicate","montevideo","Sugerencia needs_review; no se fusionó automáticamente.","candidate:172","true"
"EXC-CONFLICT-62A6DCFA55C3662F","EXC-CANDIDATE-BCD445A871CEED97","candidate_possible_duplicate","montevideo","Sugerencia needs_review; no se fusionó automáticamente.","candidate:173","true"
"EXC-CONFLICT-2A52EC254F097621","EXC-CANDIDATE-044E800DB34CA901","candidate_possible_duplicate","montevideo","Sugerencia needs_review; no se fusionó automáticamente.","candidate:174","true"
"EXC-CONFLICT-F0BE0E0B60FD4C0E","EXC-CANDIDATE-CAE71C0C44FC2B68","candidate_possible_duplicate","montevideo","Sugerencia needs_review; no se fusionó automáticamente.","candidate:175","true"
"EXC-CONFLICT-9F11497EE0CEC17D","EXC-CANDIDATE-0E1D3C0E9A97BE90","candidate_possible_duplicate","montevideo","Sugerencia needs_review; no se fusionó automáticamente.","candidate:176","true"
"EXC-CONFLICT-E770915A9CFDE508","EXC-CANDIDATE-0151409348186AA3","candidate_possible_duplicate","montevideo","Sugerencia needs_review; no se fusionó automáticamente.","candidate:177","true"
"EXC-CONFLICT-228BB712527B65D8","EXC-CANDIDATE-AC6243D6694F52CB","candidate_possible_duplicate","montevideo","Sugerencia needs_review; no se fusionó automáticamente.","candidate:178","true"
"EXC-CONFLICT-0650E489EB4664EE","EXC-CANDIDATE-212F186C9009514D","candidate_possible_duplicate","montevideo","Sugerencia verified_new; no se fusionó automáticamente.","candidate:179","true"
"EXC-CONFLICT-B3422F230FC2C571","EXC-CANDIDATE-147094B21A182774","candidate_possible_duplicate","montevideo","Sugerencia needs_review; no se fusionó automáticamente.","candidate:180","true"
"EXC-CONFLICT-FD4A6483A841CDDF","EXC-CANDIDATE-147094B21A182774","candidate_missing_exact_address","montevideo","La pista no tiene dirección física exacta; no es geocodificable todavía.","candidate:180","true"
"EXC-CONFLICT-156B1365EBC83E5A","EXC-CANDIDATE-154FA29C6C6D62BE","candidate_possible_duplicate","montevideo","Sugerencia needs_review; no se fusionó automáticamente.","candidate:181","true"
"EXC-CONFLICT-BDF4BD862B98E242","EXC-CANDIDATE-154FA29C6C6D62BE","candidate_missing_exact_address","montevideo","La pista no tiene dirección física exacta; no es geocodificable todavía.","candidate:181","true"
"EXC-CONFLICT-708579BB9B10F4F7","EXC-CANDIDATE-99DC8E7A3F70CCB4","candidate_possible_duplicate","montevideo","Sugerencia needs_review; no se fusionó automáticamente.","candidate:182","true"
"EXC-CONFLICT-F06710D80BE3541C","EXC-CANDIDATE-1935AC4F8425152C","candidate_possible_duplicate","montevideo","Sugerencia needs_review; no se fusionó automáticamente.","candidate:183","true"
"EXC-CONFLICT-9C78085B7008E8F0","EXC-CANDIDATE-84FD3C33DC5A9E5B","candidate_possible_duplicate","","Sugerencia probable_match; no se fusionó automáticamente.","osm-review:openstreetmap:node/10671335950","true"
"EXC-CONFLICT-7C6A7B4F077FC9ED","EXC-CANDIDATE-597FD2D8586456CE","candidate_possible_duplicate","","Sugerencia probable_match; no se fusionó automáticamente.","osm-review:openstreetmap:node/12599439415","true"
"EXC-CONFLICT-69E6D353736F8F08","EXC-CANDIDATE-D2B3E3FA48FCCFB0","candidate_missing_exact_address","","La pista no tiene dirección física exacta; no es geocodificable todavía.","osm-review:openstreetmap:node/12599453403","true"
"EXC-CONFLICT-1D6E21D840C7787A","EXC-CANDIDATE-7D33A13CEB5A3B64","candidate_possible_duplicate","","Sugerencia probable_match; no se fusionó automáticamente.","osm-review:openstreetmap:node/13067352454","true"
"EXC-CONFLICT-E2EA10A1FC732250","EXC-CANDIDATE-3F2A4961B0F7D753","candidate_possible_duplicate","","Sugerencia probable_match; no se fusionó automáticamente.","osm-review:openstreetmap:node/13130842101","true"
"EXC-CONFLICT-C29E19DA5E35DDE8","EXC-CANDIDATE-BA169C2669D2991A","candidate_possible_duplicate","","Sugerencia probable_match; no se fusionó automáticamente.","osm-review:openstreetmap:node/5144543221","true"
"EXC-CONFLICT-1B24F6542769D482","EXC-CANDIDATE-A6A38721A68E9C28","candidate_possible_duplicate","","Sugerencia probable_match; no se fusionó automáticamente.","osm-review:openstreetmap:node/6404947885","true"
"EXC-CONFLICT-8BB29D37058D7700","EXC-CANDIDATE-1738DE799FFD143A","candidate_possible_duplicate","","Sugerencia probable_match; no se fusionó automáticamente.","osm-review:openstreetmap:node/6466087985","true"
"EXC-CONFLICT-5C4AD0EAE6BDA803","EXC-CANDIDATE-8EAD1D3B00183CDE","social_phone_not_retained_privacy_guard","paysandu","Los teléfonos de la investigación social no se copian al índice hasta que una revisión humana los clasifique como contacto institucional.","paysandu:instagram:paysandu:hogar-emanuel","false"
"EXC-CONFLICT-E8F679BE6C670ECB","EXC-CANDIDATE-1DE30AE96F13B558","social_phone_not_retained_privacy_guard","Paysandú","Los teléfonos de la investigación social no se copian al índice hasta que una revisión humana los clasifique como contacto institucional.","paysandu:instagram:paysandu:lore-car","false"
"EXC-CONFLICT-3232722ACC88159C","EXC-CANDIDATE-19C3FD05CEBD0E8E","social_phone_not_retained_privacy_guard","Paysandú","Los teléfonos de la investigación social no se copian al índice hasta que una revisión humana los clasifique como contacto institucional.","paysandu:instagram:paysandu:maria-carolina","false"
"EXC-CONFLICT-31CE052136DD34DE","EXC-CANDIDATE-A4ECEB19913258CE","social_phone_not_retained_privacy_guard","paysandu","Los teléfonos de la investigación social no se copian al índice hasta que una revisión humana los clasifique como contacto institucional.","paysandu:instagram:paysandu:como-en-casa:uruguay-1896","false"
"EXC-CONFLICT-E67066C408A90539","EXC-CANDIDATE-F8088BDC5625F27C","social_phone_not_retained_privacy_guard","paysandu","Los teléfonos de la investigación social no se copian al índice hasta que una revisión humana los clasifique como contacto institucional.","paysandu:instagram:paysandu:como-en-casa:bulevar-artigas-1237","false"
"EXC-CONFLICT-CB017597CED89E64","EXC-CANDIDATE-747BA4C4CEFE4EDF","social_phone_not_retained_privacy_guard","paysandu","Los teléfonos de la investigación social no se copian al índice hasta que una revisión humana los clasifique como contacto institucional.","paysandu:instagram:paysandu:bellanova","false"
"EXC-CONFLICT-6FE04A24A9DBE2FD","EXC-CANDIDATE-1E60981CADD62326","social_phone_not_retained_privacy_guard","Paysandú","Los teléfonos de la investigación social no se copian al índice hasta que una revisión humana los clasifique como contacto institucional.","paysandu:instagram:paysandu:colibri","false"
"EXC-CONFLICT-4521AC6AD92FA372","EXC-CANDIDATE-EB4211BC6A004781","social_phone_not_retained_privacy_guard","paysandu","Los teléfonos de la investigación social no se copian al índice hasta que una revisión humana los clasifique como contacto institucional.","paysandu:instagram:paysandu:mi-sueno","false"
"EXC-CONFLICT-9AF62091C9A750B6","EXC-CANDIDATE-C2415C148E197078","social_phone_not_retained_privacy_guard","paysandu","Los teléfonos de la investigación social no se copian al índice hasta que una revisión humana los clasifique como contacto institucional.","paysandu:instagram:paysandu:casa-betel","false"
"EXC-CONFLICT-6041220CCE425C4E","EXC-CANDIDATE-5C6471DAF888D0A9","social_phone_not_retained_privacy_guard","paysandu","Los teléfonos de la investigación social no se copian al índice hasta que una revisión humana los clasifique como contacto institucional.","paysandu:instagram:paysandu:santa-lucia","false"
"EXC-CONFLICT-A32B61F2E28ACF4F","EXC-CANDIDATE-6AE8A3278317838E","social_phone_not_retained_privacy_guard","Paysandú","Los teléfonos de la investigación social no se copian al índice hasta que una revisión humana los clasifique como contacto institucional.","paysandu:instagram:paysandu:san-cono","false"
"EXC-CONFLICT-C3319CF97E3113A0","EXC-CANDIDATE-242D4C5DCC758DA1","social_phone_not_retained_privacy_guard","Paysandú","Los teléfonos de la investigación social no se copian al índice hasta que una revisión humana los clasifique como contacto institucional.","paysandu:instagram:paysandu:carpe-diem","false"
"EXC-CONFLICT-EBDB118358BE6181","EXC-CANDIDATE-F7C438DD9A5A34CB","social_phone_not_retained_privacy_guard","Paysandú","Los teléfonos de la investigación social no se copian al índice hasta que una revisión humana los clasifique como contacto institucional.","paysandu:instagram:paysandu:enrique-chaplin","false"
"EXC-CONFLICT-280BCCEC2BE13EA4","EXC-CANDIDATE-9F950B12D2CF5D1B","social_phone_not_retained_privacy_guard","Paysandú","Los teléfonos de la investigación social no se copian al índice hasta que una revisión humana los clasifique como contacto institucional.","paysandu:instagram:paysandu:casa-provenza","false"
"EXC-CONFLICT-A45D551E0593A5FA","EXC-CANDIDATE-8FC6FE7FE25FF85B","candidate_non_exact_address","artigas","Precisión de dirección: door_number_with_cross_streets.","artigas:public-web:artigas-city:residencial-oasis","true"
"EXC-CONFLICT-5959CAD18D4F6DBD","EXC-CANDIDATE-8FC6FE7FE25FF85B","social_phone_not_retained_privacy_guard","artigas","Los teléfonos de la investigación social no se copian al índice hasta que una revisión humana los clasifique como contacto institucional.","artigas:public-web:artigas-city:residencial-oasis","false"
"EXC-CONFLICT-B8D7BEA6A3EFCDE7","EXC-CANDIDATE-E7759F6265D6FCF3","candidate_non_exact_address","artigas","Precisión de dirección: door_number.","artigas:public-web:artigas-city:residencial-fenix","true"
"EXC-CONFLICT-4E3E3512D24F816E","EXC-CANDIDATE-E7759F6265D6FCF3","social_phone_not_retained_privacy_guard","artigas","Los teléfonos de la investigación social no se copian al índice hasta que una revisión humana los clasifique como contacto institucional.","artigas:public-web:artigas-city:residencial-fenix","false"
"EXC-CONFLICT-116A529596F59C7B","EXC-CANDIDATE-EB51CD605238E0E9","candidate_non_exact_address","artigas","Precisión de dirección: door_number.","artigas:public-web:artigas-city:residencial-dulce-hogar","true"
"EXC-CONFLICT-EB9457647FB40E03","EXC-CANDIDATE-EB51CD605238E0E9","social_phone_not_retained_privacy_guard","artigas","Los teléfonos de la investigación social no se copian al índice hasta que una revisión humana los clasifique como contacto institucional.","artigas:public-web:artigas-city:residencial-dulce-hogar","false"
"EXC-CONFLICT-959498B1AA3BB88D","EXC-CANDIDATE-4C992DEAC01FA614","candidate_non_exact_address","artigas","Precisión de dirección: intersection.","artigas:public-web:artigas-city:residencial-aurora","true"
"EXC-CONFLICT-E40DEFEE549E0990","EXC-CANDIDATE-4C992DEAC01FA614","social_phone_not_retained_privacy_guard","artigas","Los teléfonos de la investigación social no se copian al índice hasta que una revisión humana los clasifique como contacto institucional.","artigas:public-web:artigas-city:residencial-aurora","false"
"EXC-CONFLICT-59B4FDE9E2B82169","EXC-CANDIDATE-2294EAD5FAA7E3F6","candidate_non_exact_address","artigas","Precisión de dirección: door_number_with_cross_streets.","artigas:public-web:artigas-city:residencial-anos-dorados","true"
"EXC-CONFLICT-5C6333B34A3DEBAD","EXC-CANDIDATE-2294EAD5FAA7E3F6","social_phone_not_retained_privacy_guard","artigas","Los teléfonos de la investigación social no se copian al índice hasta que una revisión humana los clasifique como contacto institucional.","artigas:public-web:artigas-city:residencial-anos-dorados","false"
"EXC-CONFLICT-306867F263919465","EXC-CANDIDATE-FC5A4E0632E4AA45","candidate_non_exact_address","artigas","Precisión de dirección: street_without_door_number.","artigas:public-web:artigas-city:hogar-de-ancianos-artigas","true"
"EXC-CONFLICT-B37AC832C8EFA279","EXC-CANDIDATE-FC5A4E0632E4AA45","social_phone_not_retained_privacy_guard","artigas","Los teléfonos de la investigación social no se copian al índice hasta que una revisión humana los clasifique como contacto institucional.","artigas:public-web:artigas-city:hogar-de-ancianos-artigas","false"
"EXC-CONFLICT-39914EFB8C107300","EXC-CANDIDATE-CF5F17FB13D4E4C7","candidate_non_exact_address","Artigas","Precisión de dirección: street_without_door_number.","artigas:public-web:artigas:baltasar-brum:hogar-don-martin","true"
"EXC-CONFLICT-3E8FDD880A73236B","EXC-CANDIDATE-CF5F17FB13D4E4C7","social_phone_not_retained_privacy_guard","Artigas","Los teléfonos de la investigación social no se copian al índice hasta que una revisión humana los clasifique como contacto institucional.","artigas:public-web:artigas:baltasar-brum:hogar-don-martin","false"
"EXC-CONFLICT-926E2C38C214B7C8","EXC-CANDIDATE-FAE467C60AC716D5","candidate_non_exact_address","Artigas","Precisión de dirección: street_without_door_number.","artigas:public-web:artigas:bella-union-cuareim:hogar-elida-moreira","true"
"EXC-CONFLICT-F34F7ED9E75B0E9F","EXC-CANDIDATE-FAE467C60AC716D5","social_phone_not_retained_privacy_guard","Artigas","Los teléfonos de la investigación social no se copian al índice hasta que una revisión humana los clasifique como contacto institucional.","artigas:public-web:artigas:bella-union-cuareim:hogar-elida-moreira","false"
"EXC-CONFLICT-AF23F57D31C7B029","EXC-CANDIDATE-4E44544BFDE032D3","candidate_non_exact_address","artigas","Precisión de dirección: historical_door_number.","artigas:public-web:artigas-city:residencial-tulipanes-historical","true"
"EXC-CONFLICT-638857930DDED40B","EXC-CANDIDATE-4E44544BFDE032D3","social_phone_not_retained_privacy_guard","artigas","Los teléfonos de la investigación social no se copian al índice hasta que una revisión humana los clasifique como contacto institucional.","artigas:public-web:artigas-city:residencial-tulipanes-historical","false"
"EXC-CONFLICT-C6945D938117CAAD","EXC-OFFICIAL-ELP-0002","split_multivalue_contact","Artigas","phone: 2 valores separados conservadoramente","","true"
"EXC-CONFLICT-C5E45D42E7E4E633","EXC-OFFICIAL-ELP-0028","split_multivalue_contact","Canelones","phone: 2 valores separados conservadoramente","","true"
"EXC-CONFLICT-BE0DD09C39F3B1F9","EXC-OFFICIAL-ELP-0032","split_multivalue_contact","Canelones","phone: 2 valores separados conservadoramente","","true"
"EXC-CONFLICT-1416DEC03F5FB1C1","EXC-OFFICIAL-ELP-0188","split_multivalue_contact","Florida","phone: 2 valores separados conservadoramente","","true"
"EXC-CONFLICT-BA52DD3A711FC27A","EXC-OFFICIAL-ELP-0198","split_multivalue_contact","Lavalleja","phone: 2 valores separados conservadoramente","","true"
"EXC-CONFLICT-FAA198A2AD4947A4","EXC-OFFICIAL-ELP-0756","split_multivalue_contact","San José","phone: 2 valores separados conservadoramente","","true"
"EXC-CONFLICT-B5B23BFCC42EEB2C","EXC-OFFICIAL-ELP-0797","split_multivalue_contact","Soriano","phone: 2 valores separados conservadoramente","","true"
"EXC-CONFLICT-1B2AD351AAEEF2E5","EXC-OFFICIAL-ELP-0280","split_multivalue_contact","Montevideo","phone: 2 valores separados conservadoramente","","true"
"EXC-CONFLICT-CD396AFE61BCFD0D","EXC-OFFICIAL-ELP-0686","address_difference","Montevideo","La dirección heredada difiere de la agrupación oficial vinculada.","","true"
"EXC-CONFLICT-5BE54BD8F96888A8","EXC-OFFICIAL-ELP-0656","split_multivalue_contact","Montevideo","phone: 2 valores separados conservadoramente","","true"
"EXC-CONFLICT-B5857F3BCF5903FB","EXC-OFFICIAL-ELP-0484","address_difference","Montevideo","La dirección heredada difiere de la agrupación oficial vinculada.","","true"
"EXC-CONFLICT-BF8EDC00665AF339","EXC-OFFICIAL-ELP-0421","address_difference","Montevideo","La dirección heredada difiere de la agrupación oficial vinculada.","","true"
"EXC-CONFLICT-D3640528717DCAAE","EXC-OFFICIAL-ELP-0067","address_difference","Canelones","La dirección heredada difiere de la agrupación oficial vinculada.","","true"
"EXC-CONFLICT-C4CBCAE54787E048","EXC-OFFICIAL-ELP-0114","address_difference","Colonia","La dirección heredada difiere de la agrupación oficial vinculada.","","true"
"EXC-CONFLICT-A3215AFAE53866A5","EXC-OFFICIAL-ELP-0115","address_difference","Colonia","La dirección heredada difiere de la agrupación oficial vinculada.","","true"
"EXC-CONFLICT-7DFDB94309350244","EXC-OFFICIAL-ELP-0106","address_difference","Colonia","La dirección heredada difiere de la agrupación oficial vinculada.","","true"
"EXC-CONFLICT-E82367224BDFDD93","EXC-OFFICIAL-ELP-0106","split_multivalue_contact","Colonia","phone: 2 valores separados conservadoramente","","true"
"EXC-CONFLICT-46C6FD053DE4BA49","EXC-OFFICIAL-ELP-0104","split_multivalue_contact","Colonia","phone: 2 valores separados conservadoramente","","true"
"EXC-CONFLICT-46F1B11C68DCBA46","EXC-OFFICIAL-ELP-0118","address_difference","Colonia","La dirección heredada difiere de la agrupación oficial vinculada.","","true"
"EXC-CONFLICT-4A22E50FD01B1DEC","EXC-OFFICIAL-ELP-0180","address_difference","Florida","La dirección heredada difiere de la agrupación oficial vinculada.","","true"
"EXC-CONFLICT-C698A9E5BDD26165","EXC-OFFICIAL-ELP-0229","address_difference","Maldonado","La dirección heredada difiere de la agrupación oficial vinculada.","","true"
"EXC-CONFLICT-8B6BF218B9E0BDB1","EXC-OFFICIAL-ELP-0713","split_multivalue_contact","Paysandú","phone: 2 valores separados conservadoramente","","true"
"EXC-CONFLICT-4727AC37E5CFEFF5","EXC-OFFICIAL-ELP-0734","address_difference","Río Negro","La dirección heredada difiere de la agrupación oficial vinculada.","","true"
"EXC-CONFLICT-8FDB40C5E2115497","EXC-OFFICIAL-ELP-0734","split_multivalue_contact","Río Negro","phone: 2 valores separados conservadoramente","","true"
"EXC-CONFLICT-F55BD6365503731D","EXC-OFFICIAL-ELP-0738","split_multivalue_contact","Salto","phone: 2 valores separados conservadoramente","","true"
"EXC-CONFLICT-772B86C614AEA144","EXC-OFFICIAL-ELP-0750","split_multivalue_contact","Salto","phone: 2 valores separados conservadoramente","","true"
"EXC-CONFLICT-836E88B7133854FB","EXC-OFFICIAL-ELP-0774","address_difference","San José","La dirección heredada difiere de la agrupación oficial vinculada.","","true"
"EXC-CONFLICT-FEAF91B40C48A0DA","EXC-OFFICIAL-ELP-0768","address_difference","San José","La dirección heredada difiere de la agrupación oficial vinculada.","","true"
"EXC-CONFLICT-0A48330BBC8FA089","EXC-OFFICIAL-ELP-0755","address_difference","San José","La dirección heredada difiere de la agrupación oficial vinculada.","","true"
"EXC-CONFLICT-14981F56E367DA55","EXC-OFFICIAL-ELP-0755","split_multivalue_contact","San José","phone: 2 valores separados conservadoramente","","true"
"EXC-CONFLICT-B2229F0061DBAAE0","EXC-OFFICIAL-ELP-0788","address_difference","Soriano","La dirección heredada difiere de la agrupación oficial vinculada.","","true"
"EXC-CONFLICT-80ABF9050E15ACF7","EXC-OFFICIAL-ELP-0100","address_difference","Cerro Largo","La dirección heredada difiere de la agrupación oficial vinculada.","","true"
"EXC-CONFLICT-86923065C882182B","EXC-OFFICIAL-ELP-0100","split_multivalue_contact","Cerro Largo","phone: 2 valores separados conservadoramente","","true"
"EXC-CONFLICT-038FD82C40EE1672","EXC-OFFICIAL-ELP-0044","split_multivalue_contact","Canelones","phone: 2 valores separados conservadoramente","","true"
"EXC-CONFLICT-C74081A7A2BA0A19","EXC-OFFICIAL-ELP-0165","split_multivalue_contact","Durazno","phone: 2 valores separados conservadoramente","","true"
"EXC-CONFLICT-A60B3E476E2823D2","EXC-OFFICIAL-ELP-0227","split_multivalue_contact","Maldonado","phone: 2 valores separados conservadoramente","","true"
"EXC-CONFLICT-6BE2AF7AEB00B7D6","EXC-OFFICIAL-ELP-0558","split_multivalue_contact","Montevideo","phone: 2 valores separados conservadoramente","","true"
"EXC-CONFLICT-31F9C86F0B720C0B","EXC-OFFICIAL-ELP-0660","split_multivalue_contact","Montevideo","phone: 2 valores separados conservadoramente","","true"
"EXC-CONFLICT-960AF0D7B998F4FC","EXC-OFFICIAL-ELP-0759","split_multivalue_contact","San José","phone: 2 valores separados conservadoramente","","true"
